creationDate|Person.id|Comment.id
2012-05-21T01:33:11.946Z|false|26388279066655
2011-10-20T18:50:48.671Z|false|2199023255557
2012-08-19T18:14:51.375Z|false|2199023255594
2012-08-17T09:31:57.111Z|false|2199023255557
2012-08-14T04:49:44.448Z|false|2199023255557
2012-08-15T17:02:34.021Z|false|2199023255573
2012-08-13T19:27:39.685Z|false|8796093022244
2012-08-14T04:29:17.202Z|false|24189255811081
2012-08-15T14:11:26.633Z|false|32985348833329
2012-05-06T06:51:46.991Z|false|8796093022244
2012-06-26T08:22:51.684Z|false|8796093022234
2012-02-28T01:38:22.436Z|false|26388279066668
2012-09-11T23:19:47.924Z|false|17592186044461
2011-11-12T23:48:49.488Z|false|16
2011-11-14T03:30:05.452Z|false|32
2011-11-09T19:16:56.721Z|false|8796093022244
2011-11-08T10:44:32.224Z|false|10995116277761
2011-11-12T00:26:29.606Z|false|13194139533342
2011-11-09T00:47:27.670Z|false|13194139533352
2011-11-10T21:12:58.757Z|false|15393162788877
2011-11-09T07:10:48.386Z|false|17592186044461
2011-09-08T20:26:55.695Z|false|13194139533342
