id|email
0|Joakim13194139533342@yahoo.com
1|Joakim13194139533342@hotmail.com
2|Joakim13194139533342@gmail.com
3|Joakim13194139533342@yahoo.com
4|John19791209299968@gmail.com
5|John19791209299968@gmail.com
6|John19791209299968@gmail.com
7|John19791209299968@gmail.com
8|Bryn28587302322180@yahoo.com
9|Bryn28587302322180@gmx.com
10|Bryn28587302322180@yahoo.com
11|Hans28587302322204@pookmail.com
12|Hans28587302322204@hotmail.ru
13|Hans28587302322204@gmail.com
14|Hans28587302322204@gmail.com
15|Hans28587302322204@gmail.com
16|Lei8796093022237@gmail.com
17|Lei8796093022237@zoho.com
18|Lei8796093022237@gmx.com
19|Lei8796093022237@gmail.com
20|Lei8796093022237@gmail.com
21|Alim24189255811081@gmail.com
22|Alim24189255811081@gmail.com
23|Aleksandr30786325577731@gmail.com
24|Aleksandr30786325577731@zoho.com
25|Aleksandr30786325577731@gmx.com
26|Jimmy19791209299987@giza.cc
27|Jimmy19791209299987@gmail.com
28|Jimmy19791209299987@gmail.com
29|Jimmy19791209299987@gmail.com
30|Wojciech17592186044443@gmail.com
31|Wojciech17592186044443@yahoo.com
32|Wojciech17592186044443@gmx.com
33|Wojciech17592186044443@gmail.com
34|Rahul13194139533355@gmail.com
35|Rahul13194139533355@gmail.com
36|Rahul13194139533355@yahoo.com
37|Ali17592186044461@zoho.com
38|Ali17592186044461@gmail.com
39|Ali17592186044461@jizan.cc
40|Ali17592186044461@yahoo.com
41|Ali17592186044461@gmail.com
42|Ashok32985348833329@gmail.com
43|Ashok32985348833329@gmx.com
44|Ashok32985348833329@yahoo.com
45|Ashok32985348833329@hotmail.com
46|Tissa28587302322223@yahoo.com
47|Tissa28587302322223@gmail.com
48|Tissa28587302322223@zoho.com
49|Otto26388279066655@yahoo.com
50|Otto26388279066655@yahoo.com
51|Eric2199023255557@gmail.com
52|Eric2199023255557@gmx.com
53|Eric2199023255557@yahoo.com
54|Eric2199023255557@gmx.com
55|Ali2199023255594@gmail.com
56|Ali2199023255594@yahoo.com
57|Ali2199023255594@yahoo.com
58|Ken10995116277782@zoho.com
59|Ken10995116277782@gmail.com
60|Ken10995116277782@gmail.com
61|Ken10995116277782@hotmail.com
62|Ken10995116277782@gmail.com
63|Hossein14@gmail.com
64|Miguel32@gmail.com
65|Miguel32@gmail.com
66|Miguel32@gmail.com
67|Miguel32@yahoo.com
68|John8796093022244@gmx.com
69|John8796093022244@gmx.com
70|John8796093022244@gmail.com
71|John8796093022244@chemist.com
72|Baby21990232555526@gmx.com
73|Baby21990232555526@yahoo.com
74|Baby21990232555526@gmail.com
75|Baby21990232555526@gmail.com
76|Baby21990232555526@yahoo.com
77|Alexei26388279066668@zoho.com
78|Alexei26388279066668@gmail.com
79|Alexei26388279066668@gmx.com
80|Alfonso32985348833318@gmx.com
81|Alfonso32985348833318@gmx.com
82|Alfonso32985348833318@gmail.com
83|Djelaludin26388279066632@gmail.com
84|Djelaludin26388279066632@yahoo.com
85|Djelaludin26388279066632@hotmail.com
86|Djelaludin26388279066632@gmail.com
87|Djelaludin26388279066632@gmx.com
88|Jun21990232555527@yahoo.com
89|Mehmet15393162788877@gmail.com
90|Mehmet15393162788877@gmail.com
91|Mehmet15393162788877@gmail.com
92|John10995116277783@gmail.com
93|John10995116277783@yahoo.com
94|John10995116277783@yahoo.com
95|Jan16@gmx.com
96|Jan16@zoho.com
97|Jan16@gmail.com
98|Jan16@yahoo.com
99|Jan16@gmx.com
100|Adje.van.den.Berg10995116277808@gmail.com
101|Adje.van.den.Berg10995116277808@gmx.com
102|Adje.van.den.Berg10995116277808@gmx.com
103|Jose30786325577740@hotmail.com
104|Jose30786325577740@gmx.com
105|Roberto26388279066658@hotmail.com
106|Roberto26388279066658@yahoo.com
107|Roberto26388279066658@hotmail.com
108|Alejandro6597069766702@gmx.com
109|Alejandro6597069766702@yahoo.com
110|Alejandro6597069766702@gmail.com
111|Alejandro6597069766702@yahoo.com
112|Alejandro6597069766702@gmail.com
113|Celso13194139533352@gmx.com
114|Celso13194139533352@gmail.com
115|Celso13194139533352@gmx.com
116|Celso13194139533352@zoho.com
117|Celso13194139533352@gmail.com
118|Yahya.Ould.Ahmed.El28587302322196@gmail.com
119|Yahya.Ould.Ahmed.El28587302322196@gmail.com
120|Rahul8796093022234@gmail.com
121|Almira26388279066641@gmail.com
122|Evangelos10995116277761@gmx.com
123|Evangelos10995116277761@gmail.com
124|Evangelos10995116277761@gmail.com
125|Evangelos10995116277761@gmail.com
126|Cheng32985348833291@gmx.com
127|Cheng32985348833291@gmail.com
128|Cheng32985348833291@gmail.com
129|Cheng32985348833291@gmail.com
130|Arbaaz2199023255573@gmx.com
131|Arbaaz2199023255573@gmail.com
132|Arbaaz2199023255573@gmail.com
133|Arbaaz2199023255573@gmx.com
134|Arbaaz2199023255573@gmail.com
135|Alexei35184372088871@yahoo.com
136|Alexei35184372088871@hotmail.com
137|Alexei35184372088871@gmail.com
138|Ali28587302322209@gmail.com
139|Ali28587302322209@yahoo.com
140|Ali28587302322209@yahoo.com
141|Ali28587302322209@gmail.com
142|Ali28587302322209@gmx.com
143|Wei24189255811109@yahoo.com
144|Wei24189255811109@gmail.com
145|Wei24189255811109@hotmail.com
146|Wei24189255811109@gmail.com
147|Ge28587302322191@yahoo.com
