creationDate|Forum.id|Person.id|type
2012-05-17T19:59:24.966Z|68719476752|24189255811081|HAS_MEMBER
2011-11-07T22:05:20.543Z|19|2199023255594|HAS_MEMBER
2012-06-14T05:43:35.817Z|19|26388279066655|HAS_MEMBER
2012-06-29T17:45:44.905Z|19|28587302322204|HAS_MEMBER
2011-05-23T06:01:16.143Z|549755813908|2199023255594|HAS_MEMBER
2012-02-03T03:26:41.722Z|549755813908|26388279066655|HAS_MEMBER
2012-03-30T10:11:22.788Z|549755813908|28587302322180|HAS_MEMBER
2012-04-08T11:48:04.301Z|549755813908|28587302322204|HAS_MEMBER
2012-01-20T18:01:57.397Z|824633720853|2199023255594|HAS_MEMBER
2012-03-30T10:11:22.788Z|824633720853|28587302322180|HAS_MEMBER
2012-04-08T11:48:04.301Z|824633720853|28587302322204|HAS_MEMBER
2011-12-11T15:06:58.776Z|755914244118|2199023255594|HAS_MEMBER
2012-02-03T03:26:41.722Z|755914244118|26388279066655|HAS_MEMBER
2012-03-30T10:11:22.788Z|755914244118|28587302322180|HAS_MEMBER
2012-04-08T11:48:04.301Z|755914244118|28587302322204|HAS_MEMBER
2011-07-10T15:36:50.808Z|618475290647|2199023255594|HAS_MEMBER
2012-03-30T10:11:22.788Z|618475290647|28587302322180|HAS_MEMBER
2012-04-08T11:48:04.301Z|618475290647|28587302322204|HAS_MEMBER
2012-08-29T16:42:47.593Z|1030792151064|2199023255594|HAS_MEMBER
2012-08-29T16:42:47.593Z|1030792151064|26388279066655|HAS_MEMBER
2012-08-29T16:42:47.593Z|1030792151064|28587302322180|HAS_MEMBER
2011-03-13T14:23:04.931Z|481036337177|2199023255594|HAS_MEMBER
2012-02-03T03:26:41.722Z|481036337177|26388279066655|HAS_MEMBER
2012-04-08T11:48:04.301Z|481036337177|28587302322204|HAS_MEMBER
2010-06-22T06:17:23.975Z|137438953498|2199023255594|HAS_MEMBER
2012-03-30T10:11:22.788Z|137438953498|28587302322180|HAS_MEMBER
2010-11-14T23:07:57.147Z|343597383707|2199023255594|HAS_MEMBER
2012-02-03T03:26:41.722Z|343597383707|26388279066655|HAS_MEMBER
2012-03-30T10:11:22.788Z|343597383707|28587302322180|HAS_MEMBER
2012-04-08T11:48:04.301Z|343597383707|28587302322204|HAS_MEMBER
2012-02-03T03:26:41.722Z|343597383708|26388279066655|HAS_MEMBER
2012-03-30T10:11:22.788Z|343597383708|28587302322180|HAS_MEMBER
2012-04-08T11:48:04.301Z|343597383708|28587302322204|HAS_MEMBER
2010-05-15T21:53:10.622Z|137438953501|2199023255594|HAS_MEMBER
2012-03-30T10:11:22.788Z|137438953501|28587302322180|HAS_MEMBER
2012-04-08T11:48:04.301Z|137438953501|28587302322204|HAS_MEMBER
2012-02-03T03:26:41.722Z|137438953502|26388279066655|HAS_MEMBER
2012-03-30T10:11:22.788Z|137438953502|28587302322180|HAS_MEMBER
2012-02-03T03:26:41.722Z|481036337183|26388279066655|HAS_MEMBER
2012-04-08T11:48:04.301Z|481036337183|28587302322204|HAS_MEMBER
2011-01-28T04:20:49.627Z|412316860448|2199023255594|HAS_MEMBER
2012-03-30T10:11:22.788Z|412316860448|28587302322180|HAS_MEMBER
2012-04-08T11:48:04.301Z|412316860448|28587302322204|HAS_MEMBER
2012-02-03T03:26:41.722Z|687194767393|26388279066655|HAS_MEMBER
2012-04-08T11:48:04.301Z|687194767393|28587302322204|HAS_MEMBER
2010-07-22T19:50:51.336Z|206158430242|2199023255594|HAS_MEMBER
2012-02-03T03:26:41.722Z|206158430242|26388279066655|HAS_MEMBER
2012-03-30T10:11:22.788Z|206158430242|28587302322180|HAS_MEMBER
2012-04-08T11:48:04.301Z|206158430242|28587302322204|HAS_MEMBER
2012-02-03T03:26:41.722Z|618475290659|26388279066655|HAS_MEMBER
2012-03-30T10:11:22.788Z|618475290659|28587302322180|HAS_MEMBER
2010-07-25T17:47:00.767Z|206158430244|2199023255594|HAS_MEMBER
2012-02-03T03:26:41.722Z|206158430244|26388279066655|HAS_MEMBER
2012-03-30T10:11:22.788Z|206158430244|28587302322180|HAS_MEMBER
2012-04-08T11:48:04.301Z|206158430244|28587302322204|HAS_MEMBER
2010-07-23T04:56:09.665Z|206158430245|2199023255594|HAS_MEMBER
2012-02-03T03:26:41.722Z|206158430245|26388279066655|HAS_MEMBER
2012-04-08T11:48:04.301Z|206158430245|28587302322204|HAS_MEMBER
2010-03-25T19:47:07.026Z|68719476774|2199023255594|HAS_MEMBER
2012-02-03T03:26:41.722Z|68719476774|26388279066655|HAS_MEMBER
2012-04-08T11:48:04.301Z|68719476774|28587302322204|HAS_MEMBER
2012-01-04T10:16:02.478Z|755914244135|2199023255594|HAS_MEMBER
2012-02-03T03:26:41.722Z|755914244135|26388279066655|HAS_MEMBER
2012-03-30T10:11:22.788Z|755914244135|28587302322180|HAS_MEMBER
2012-04-08T11:48:04.301Z|755914244135|28587302322204|HAS_MEMBER
2012-02-03T03:26:41.722Z|824633720872|26388279066655|HAS_MEMBER
2012-03-30T10:11:22.788Z|824633720872|28587302322180|HAS_MEMBER
2012-04-08T11:48:04.301Z|824633720872|28587302322204|HAS_MEMBER
2012-03-17T02:47:30.324Z|893353197609|2199023255594|HAS_MEMBER
2012-03-30T10:11:22.788Z|893353197609|28587302322180|HAS_MEMBER
2012-07-04T01:34:31.380Z|962072674346|2199023255594|HAS_MEMBER
2012-07-04T01:34:31.380Z|962072674346|26388279066655|HAS_MEMBER
2012-07-04T01:34:31.380Z|962072674346|28587302322180|HAS_MEMBER
2012-07-04T01:34:31.380Z|962072674346|28587302322204|HAS_MEMBER
2011-01-11T21:15:53.167Z|412316860459|2199023255594|HAS_MEMBER
2012-02-03T03:26:41.722Z|412316860459|26388279066655|HAS_MEMBER
2012-03-30T10:11:22.788Z|412316860459|28587302322180|HAS_MEMBER
2012-04-08T11:48:04.301Z|412316860459|28587302322204|HAS_MEMBER
2012-03-30T10:11:22.788Z|68719476780|28587302322180|HAS_MEMBER
2012-04-08T11:48:04.301Z|68719476780|28587302322204|HAS_MEMBER
2012-03-08T22:17:27.324Z|893353197613|2199023255594|HAS_MEMBER
2012-03-08T22:17:27.324Z|893353197613|26388279066655|HAS_MEMBER
2012-04-08T11:48:04.301Z|893353197613|28587302322204|HAS_MEMBER
2012-04-08T11:48:04.301Z|687194767406|28587302322204|HAS_MEMBER
2011-09-10T05:08:51.579Z|687194767407|2199023255594|HAS_MEMBER
2012-03-30T10:11:22.788Z|687194767407|28587302322180|HAS_MEMBER
2011-03-06T19:13:49.912Z|481036337200|2199023255594|HAS_MEMBER
2012-02-03T03:26:41.722Z|481036337200|26388279066655|HAS_MEMBER
2012-03-30T10:11:22.788Z|481036337200|28587302322180|HAS_MEMBER
2012-04-08T11:48:04.301Z|481036337200|28587302322204|HAS_MEMBER
2010-12-19T04:54:16.285Z|343597383729|2199023255594|HAS_MEMBER
2012-02-03T03:26:41.722Z|343597383729|26388279066655|HAS_MEMBER
2012-03-30T10:11:22.788Z|343597383729|28587302322180|HAS_MEMBER
2012-04-08T11:48:04.301Z|343597383729|28587302322204|HAS_MEMBER
2011-08-23T09:53:11.426Z|618475290674|2199023255594|HAS_MEMBER
2012-02-03T03:26:41.722Z|618475290674|26388279066655|HAS_MEMBER
2012-03-30T10:11:22.788Z|618475290674|28587302322180|HAS_MEMBER
2012-04-08T11:48:04.301Z|618475290674|28587302322204|HAS_MEMBER
2012-02-03T03:26:41.722Z|137438953523|26388279066655|HAS_MEMBER
2012-03-30T10:11:22.788Z|137438953523|28587302322180|HAS_MEMBER
2012-04-08T11:48:04.301Z|137438953523|28587302322204|HAS_MEMBER
2012-02-03T03:26:41.722Z|618475290676|26388279066655|HAS_MEMBER
2012-03-30T10:11:22.788Z|618475290676|28587302322180|HAS_MEMBER
2012-04-08T11:48:04.301Z|618475290676|28587302322204|HAS_MEMBER
2012-02-03T03:26:41.722Z|755914244149|26388279066655|HAS_MEMBER
2012-04-08T11:48:04.301Z|755914244149|28587302322204|HAS_MEMBER
2012-09-08T16:48:23.698Z|893353197623|2199023255594|HAS_MEMBER
2012-07-18T04:25:29.221Z|893353197623|10995116277782|HAS_MEMBER
2012-07-20T14:51:28.160Z|893353197623|13194139533352|HAS_MEMBER
2012-04-18T16:46:55.284Z|893353197623|17592186044443|HAS_MEMBER
2012-07-19T13:47:31.535Z|893353197623|24189255811081|HAS_MEMBER
2012-05-06T17:03:10.793Z|893353197623|26388279066641|HAS_MEMBER
2012-04-25T09:34:29.949Z|893353197623|26388279066668|HAS_MEMBER
2012-08-23T05:27:50.596Z|893353197623|28587302322204|HAS_MEMBER
2012-08-01T04:03:38.500Z|893353197623|28587302322223|HAS_MEMBER
2012-08-27T11:50:13.662Z|893353197623|30786325577731|HAS_MEMBER
2012-08-11T12:39:06.343Z|1030792151097|16|HAS_MEMBER
2012-08-11T12:39:06.343Z|1030792151097|2199023255594|HAS_MEMBER
2012-08-11T12:39:06.343Z|1030792151097|10995116277782|HAS_MEMBER
2012-08-11T12:39:06.343Z|1030792151097|17592186044443|HAS_MEMBER
2012-08-11T12:39:06.343Z|1030792151097|24189255811081|HAS_MEMBER
2012-08-11T12:39:06.343Z|1030792151097|26388279066641|HAS_MEMBER
2012-08-11T12:39:06.343Z|1030792151097|26388279066655|HAS_MEMBER
2012-08-11T12:39:06.343Z|1030792151097|26388279066668|HAS_MEMBER
2012-08-11T12:39:06.343Z|1030792151097|28587302322223|HAS_MEMBER
2012-08-11T12:39:06.343Z|1030792151097|30786325577731|HAS_MEMBER
2012-08-11T12:39:06.343Z|1030792151097|32985348833329|HAS_MEMBER
2012-06-25T08:42:04.372Z|962072674363|16|HAS_MEMBER
2012-06-25T08:42:04.372Z|962072674363|10995116277782|HAS_MEMBER
2012-06-25T08:42:04.372Z|962072674363|13194139533352|HAS_MEMBER
2012-06-25T08:42:04.372Z|962072674363|24189255811081|HAS_MEMBER
2012-06-25T08:42:04.372Z|962072674363|26388279066641|HAS_MEMBER
2012-06-25T08:42:04.372Z|962072674363|26388279066655|HAS_MEMBER
2012-06-25T08:42:04.372Z|962072674363|26388279066668|HAS_MEMBER
2012-06-25T08:42:04.372Z|962072674363|28587302322204|HAS_MEMBER
2012-07-03T00:55:26.938Z|962072674363|30786325577731|HAS_MEMBER
2012-05-11T04:01:31.340Z|962072674365|16|HAS_MEMBER
2012-05-11T04:01:31.340Z|962072674365|2199023255594|HAS_MEMBER
2012-05-11T04:01:31.340Z|962072674365|10995116277782|HAS_MEMBER
2012-05-11T04:01:31.340Z|962072674365|13194139533352|HAS_MEMBER
2012-05-11T04:01:31.340Z|962072674365|17592186044443|HAS_MEMBER
2012-05-11T04:01:31.340Z|962072674365|24189255811081|HAS_MEMBER
2012-05-11T04:01:31.340Z|962072674365|28587302322223|HAS_MEMBER
2012-07-03T00:55:26.938Z|962072674365|30786325577731|HAS_MEMBER
2012-08-09T21:35:51.016Z|962072674365|32985348833329|HAS_MEMBER
2012-04-22T06:09:28.866Z|893353197630|16|HAS_MEMBER
2012-04-22T06:09:28.866Z|893353197630|10995116277782|HAS_MEMBER
2012-04-22T06:09:28.866Z|893353197630|17592186044443|HAS_MEMBER
2012-04-22T06:09:28.866Z|893353197630|24189255811081|HAS_MEMBER
2012-04-22T06:09:28.866Z|893353197630|26388279066655|HAS_MEMBER
2012-04-22T06:09:28.866Z|893353197630|26388279066668|HAS_MEMBER
2012-04-22T06:09:28.866Z|893353197630|28587302322204|HAS_MEMBER
2012-07-03T00:55:26.938Z|893353197630|30786325577731|HAS_MEMBER
2012-05-18T05:02:09.303Z|962072674367|16|HAS_MEMBER
2012-05-18T05:02:09.303Z|962072674367|2199023255594|HAS_MEMBER
2012-05-18T05:02:09.303Z|962072674367|10995116277782|HAS_MEMBER
2012-05-18T05:02:09.303Z|962072674367|13194139533352|HAS_MEMBER
2012-05-18T05:02:09.303Z|962072674367|17592186044443|HAS_MEMBER
2012-05-18T05:02:09.303Z|962072674367|24189255811081|HAS_MEMBER
2012-05-18T05:02:09.303Z|962072674367|26388279066655|HAS_MEMBER
2012-05-18T05:02:09.303Z|962072674367|28587302322223|HAS_MEMBER
2012-07-03T00:55:26.938Z|962072674367|30786325577731|HAS_MEMBER
2012-08-09T21:35:51.016Z|962072674367|32985348833329|HAS_MEMBER
2011-12-29T11:29:40.153Z|412316860481|2199023255594|HAS_MEMBER
2011-04-17T16:50:25.401Z|481036337218|2199023255594|HAS_MEMBER
2011-12-29T07:56:49.032Z|481036337218|24189255811081|HAS_MEMBER
2011-05-07T09:02:21.318Z|549755813955|2199023255594|HAS_MEMBER
2011-12-29T07:56:49.032Z|549755813955|24189255811081|HAS_MEMBER
2011-12-08T16:56:38.807Z|755914244165|2199023255594|HAS_MEMBER
2012-04-18T00:51:38.839Z|893353197638|2199023255594|HAS_MEMBER
2012-04-18T00:51:38.839Z|893353197638|24189255811081|HAS_MEMBER
2012-06-19T16:34:10.961Z|962072674376|2199023255594|HAS_MEMBER
2012-06-19T16:34:10.961Z|962072674376|24189255811081|HAS_MEMBER
2011-04-22T22:08:07.671Z|481036337226|2199023255594|HAS_MEMBER
2012-04-17T13:55:47.434Z|893353197644|2199023255594|HAS_MEMBER
2012-07-08T20:43:43.328Z|962072674381|24189255811081|HAS_MEMBER
2012-01-22T00:25:06.759Z|824633720911|2199023255594|HAS_MEMBER
2012-01-22T00:25:06.759Z|824633720911|24189255811081|HAS_MEMBER
2011-12-19T13:10:07.266Z|755914244178|2199023255594|HAS_MEMBER
2012-03-01T14:02:37.194Z|824633720915|2199023255594|HAS_MEMBER
2011-12-29T07:56:49.032Z|618475290708|24189255811081|HAS_MEMBER
2011-08-12T16:25:55.853Z|618475290709|2199023255594|HAS_MEMBER
2011-12-29T07:56:49.032Z|618475290709|24189255811081|HAS_MEMBER
2012-04-03T04:02:22.306Z|893353197654|2199023255594|HAS_MEMBER
2011-07-26T21:04:25.596Z|618475290711|2199023255594|HAS_MEMBER
2011-12-29T07:56:49.032Z|618475290711|24189255811081|HAS_MEMBER
2012-02-28T14:34:35.137Z|549755813976|10995116277761|HAS_MEMBER
2012-04-18T16:46:55.284Z|549755813976|28587302322180|HAS_MEMBER
2011-09-17T15:09:26.824Z|687194767449|10995116277761|HAS_MEMBER
2012-03-30T10:11:22.788Z|687194767449|28587302322180|HAS_MEMBER
2012-03-30T10:11:22.788Z|755914244187|28587302322180|HAS_MEMBER
2012-01-28T23:55:31.976Z|824633720925|10995116277761|HAS_MEMBER
2011-07-20T07:15:44.813Z|618475290718|10995116277761|HAS_MEMBER
2012-03-30T10:11:22.788Z|618475290718|28587302322180|HAS_MEMBER
2011-08-27T22:07:34.577Z|618475290719|10995116277761|HAS_MEMBER
2012-03-30T10:11:22.788Z|618475290719|28587302322180|HAS_MEMBER
2012-03-30T10:11:22.788Z|687194767456|28587302322180|HAS_MEMBER
2012-09-02T19:18:22.652Z|1030792151137|10995116277761|HAS_MEMBER
2012-09-02T19:18:22.652Z|1030792151137|28587302322180|HAS_MEMBER
2012-09-03T06:48:50.472Z|1030792151139|10995116277761|HAS_MEMBER
2012-09-03T06:48:50.472Z|1030792151139|28587302322180|HAS_MEMBER
2012-02-17T07:26:09.880Z|824633720932|10995116277761|HAS_MEMBER
2012-03-30T10:11:22.788Z|824633720932|28587302322180|HAS_MEMBER
2011-09-11T14:19:23.843Z|687194767461|10995116277761|HAS_MEMBER
2012-03-30T10:11:22.788Z|687194767461|28587302322180|HAS_MEMBER
2012-03-10T19:04:11.752Z|893353197671|10995116277761|HAS_MEMBER
2012-08-02T17:27:29.546Z|1030792151144|10995116277761|HAS_MEMBER
2012-08-02T17:27:29.546Z|1030792151144|28587302322180|HAS_MEMBER
2011-12-31T22:08:08.730Z|755914244201|10995116277761|HAS_MEMBER
2012-03-30T10:11:22.788Z|755914244201|28587302322180|HAS_MEMBER
2012-08-14T04:54:09.110Z|1030792151146|10995116277761|HAS_MEMBER
2011-03-12T08:29:47.727Z|343597383814|2199023255594|HAS_MEMBER
2011-11-20T08:10:40.920Z|343597383814|13194139533352|HAS_MEMBER
2012-02-28T14:34:35.137Z|343597383814|17592186044443|HAS_MEMBER
2012-07-13T09:58:41.938Z|343597383814|26388279066658|HAS_MEMBER
2011-07-22T03:01:20.594Z|274877907079|2199023255557|HAS_MEMBER
2011-07-22T03:01:20.594Z|68719476873|8796093022237|HAS_MEMBER
2012-02-16T19:42:57.972Z|68719476873|13194139533355|HAS_MEMBER
2012-02-18T03:32:48.635Z|68719476873|24189255811081|HAS_MEMBER
2012-05-23T20:59:47.460Z|755914244235|24189255811081|HAS_MEMBER
2011-09-04T04:10:52.355Z|274877907084|2199023255594|HAS_MEMBER
2012-01-21T15:40:15.916Z|274877907084|13194139533355|HAS_MEMBER
2012-05-26T21:49:28.731Z|824633720973|13194139533352|HAS_MEMBER
2012-05-06T17:03:10.793Z|824633720973|28587302322180|HAS_MEMBER
2012-07-08T08:27:22.264Z|755914244238|14|HAS_MEMBER
2012-02-18T03:32:48.635Z|755914244238|2199023255557|HAS_MEMBER
2012-05-17T19:59:24.966Z|755914244238|2199023255573|HAS_MEMBER
2012-04-11T22:57:01.362Z|755914244238|2199023255594|HAS_MEMBER
2012-02-03T10:37:05.877Z|755914244238|13194139533355|HAS_MEMBER
2012-05-02T11:07:04.001Z|755914244238|21990232555527|HAS_MEMBER
2012-05-23T20:59:47.460Z|755914244238|24189255811109|HAS_MEMBER
2012-06-10T16:33:02.722Z|755914244238|26388279066658|HAS_MEMBER
2012-07-01T08:10:02.719Z|755914244238|26388279066668|HAS_MEMBER
2012-07-19T13:47:31.535Z|755914244238|28587302322180|HAS_MEMBER
2012-08-03T15:36:22.077Z|755914244238|28587302322196|HAS_MEMBER
2012-07-08T15:44:28.124Z|962072674450|13194139533352|HAS_MEMBER
2012-03-21T10:34:35.041Z|893353197715|13194139533352|HAS_MEMBER
2011-08-27T10:37:21.537Z|618475290773|13194139533352|HAS_MEMBER
2011-09-28T03:40:42.906Z|687194767511|13194139533352|HAS_MEMBER
2012-08-14T04:03:10.463Z|1030792151192|13194139533352|HAS_MEMBER
2012-06-08T12:39:41.801Z|962072674459|13194139533352|HAS_MEMBER
2012-02-11T13:02:06.068Z|824633720991|13194139533352|HAS_MEMBER
2012-08-18T04:04:58.360Z|412316860578|32|HAS_MEMBER
2012-01-17T16:40:16.360Z|412316860578|2199023255594|HAS_MEMBER
2011-11-20T08:10:40.920Z|412316860578|10995116277761|HAS_MEMBER
2012-05-26T21:49:28.731Z|412316860578|26388279066641|HAS_MEMBER
2012-07-20T14:51:28.160Z|412316860578|28587302322180|HAS_MEMBER
2012-07-14T05:38:51.120Z|412316860578|28587302322196|HAS_MEMBER
2012-05-14T01:43:43.791Z|412316860578|28587302322204|HAS_MEMBER
2011-08-03T18:12:26.258Z|618475290787|2199023255594|HAS_MEMBER
2011-08-03T18:12:26.258Z|618475290787|10995116277761|HAS_MEMBER
2011-08-04T04:48:08.173Z|618475290787|19791209299987|HAS_MEMBER
2012-01-12T23:55:12.878Z|618475290787|26388279066641|HAS_MEMBER
2012-01-16T00:09:50.120Z|618475290787|26388279066658|HAS_MEMBER
2012-03-30T10:11:22.788Z|618475290787|28587302322180|HAS_MEMBER
2012-04-08T11:48:04.301Z|618475290787|28587302322204|HAS_MEMBER
2012-01-06T02:48:04.399Z|755914244260|32|HAS_MEMBER
2012-01-06T02:48:04.399Z|755914244260|10995116277761|HAS_MEMBER
2012-01-06T02:48:04.399Z|755914244260|19791209299987|HAS_MEMBER
2012-01-16T00:09:50.120Z|755914244260|26388279066658|HAS_MEMBER
2012-03-30T10:11:22.788Z|755914244260|28587302322180|HAS_MEMBER
2012-03-13T15:16:18.597Z|755914244260|28587302322196|HAS_MEMBER
2011-09-29T05:27:19.096Z|687194767525|32|HAS_MEMBER
2011-09-29T05:27:19.096Z|687194767525|2199023255594|HAS_MEMBER
2011-09-29T05:27:19.096Z|687194767525|10995116277761|HAS_MEMBER
2011-09-29T05:27:19.096Z|687194767525|19791209299987|HAS_MEMBER
2012-01-16T00:09:50.120Z|687194767525|26388279066658|HAS_MEMBER
2012-03-30T10:11:22.788Z|687194767525|28587302322180|HAS_MEMBER
2012-03-13T15:16:18.597Z|687194767525|28587302322196|HAS_MEMBER
2012-05-28T17:35:15.338Z|962072674470|32|HAS_MEMBER
2012-05-28T17:35:15.338Z|962072674470|2199023255594|HAS_MEMBER
2012-05-28T17:35:15.338Z|962072674470|26388279066641|HAS_MEMBER
2012-05-28T17:35:15.338Z|962072674470|28587302322180|HAS_MEMBER
2012-05-28T17:35:15.338Z|962072674470|28587302322196|HAS_MEMBER
2012-07-24T03:12:37.390Z|1030792151207|32|HAS_MEMBER
2012-07-24T03:12:37.390Z|1030792151207|10995116277761|HAS_MEMBER
2012-07-24T03:12:37.390Z|1030792151207|26388279066641|HAS_MEMBER
2012-07-24T03:12:37.390Z|1030792151207|26388279066658|HAS_MEMBER
2012-07-24T03:12:37.390Z|1030792151207|28587302322180|HAS_MEMBER
2012-07-24T03:12:37.390Z|1030792151207|28587302322204|HAS_MEMBER
2011-09-03T22:32:36.143Z|618475290792|2199023255594|HAS_MEMBER
2011-09-03T22:32:36.143Z|618475290792|10995116277761|HAS_MEMBER
2011-09-03T22:32:36.143Z|618475290792|19791209299987|HAS_MEMBER
2012-01-12T23:55:12.878Z|618475290792|26388279066641|HAS_MEMBER
2012-01-16T00:09:50.120Z|618475290792|26388279066658|HAS_MEMBER
2012-01-25T18:13:00.435Z|824633721001|10995116277761|HAS_MEMBER
2012-01-25T18:13:00.435Z|824633721001|19791209299987|HAS_MEMBER
2012-01-25T18:13:00.435Z|824633721001|26388279066658|HAS_MEMBER
2012-03-30T10:11:22.788Z|824633721001|28587302322180|HAS_MEMBER
2012-03-18T21:19:27.101Z|893353197738|19791209299987|HAS_MEMBER
2012-03-18T21:19:27.101Z|893353197738|26388279066641|HAS_MEMBER
2012-03-18T21:19:27.101Z|893353197738|26388279066658|HAS_MEMBER
2012-03-30T10:11:22.788Z|893353197738|28587302322180|HAS_MEMBER
2012-03-18T21:19:27.101Z|893353197738|28587302322196|HAS_MEMBER
2012-04-08T11:48:04.301Z|893353197738|28587302322204|HAS_MEMBER
2012-04-08T15:07:25.878Z|893353197739|2199023255594|HAS_MEMBER
2012-04-08T15:07:25.878Z|893353197739|19791209299987|HAS_MEMBER
2012-04-08T15:07:25.878Z|893353197739|26388279066641|HAS_MEMBER
2012-04-08T15:07:25.878Z|893353197739|26388279066658|HAS_MEMBER
2012-04-08T15:07:25.878Z|893353197739|28587302322180|HAS_MEMBER
2012-04-08T15:07:25.878Z|893353197739|28587302322204|HAS_MEMBER
2011-11-11T13:32:41.005Z|755914244268|32|HAS_MEMBER
2011-11-11T13:32:41.005Z|755914244268|2199023255594|HAS_MEMBER
2012-01-12T23:55:12.878Z|755914244268|26388279066641|HAS_MEMBER
2012-03-13T15:16:18.597Z|755914244268|28587302322196|HAS_MEMBER
2011-10-21T20:37:08.368Z|687194767533|2199023255594|HAS_MEMBER
2011-10-21T20:37:08.368Z|687194767533|10995116277761|HAS_MEMBER
2011-10-21T20:37:08.368Z|687194767533|19791209299987|HAS_MEMBER
2012-01-12T23:55:12.878Z|687194767533|26388279066641|HAS_MEMBER
2012-01-16T00:09:50.120Z|687194767533|26388279066658|HAS_MEMBER
2012-03-13T15:16:18.597Z|687194767533|28587302322196|HAS_MEMBER
2012-04-08T11:48:04.301Z|687194767533|28587302322204|HAS_MEMBER
2012-01-29T04:55:53.724Z|824633721006|2199023255594|HAS_MEMBER
2012-01-29T04:55:53.724Z|824633721006|10995116277761|HAS_MEMBER
2012-01-29T04:55:53.724Z|824633721006|19791209299987|HAS_MEMBER
2012-01-29T04:55:53.724Z|824633721006|26388279066641|HAS_MEMBER
2012-01-29T04:55:53.724Z|824633721006|26388279066658|HAS_MEMBER
2012-03-30T10:11:22.788Z|824633721006|28587302322180|HAS_MEMBER
2012-03-13T15:16:18.597Z|824633721006|28587302322196|HAS_MEMBER
2012-04-08T11:48:04.301Z|824633721006|28587302322204|HAS_MEMBER
2011-07-06T00:18:08.782Z|549755814063|2199023255594|HAS_MEMBER
2012-01-12T23:55:12.878Z|549755814063|26388279066641|HAS_MEMBER
2012-01-16T00:09:50.120Z|549755814063|26388279066658|HAS_MEMBER
2012-03-30T10:11:22.788Z|549755814063|28587302322180|HAS_MEMBER
2012-03-13T15:16:18.597Z|549755814063|28587302322196|HAS_MEMBER
2012-04-08T11:48:04.301Z|549755814063|28587302322204|HAS_MEMBER
2011-12-11T10:44:16.902Z|755914244272|32|HAS_MEMBER
2011-12-11T10:44:16.902Z|755914244272|2199023255594|HAS_MEMBER
2011-12-11T10:44:16.902Z|755914244272|19791209299987|HAS_MEMBER
2012-03-13T15:16:18.597Z|755914244272|28587302322196|HAS_MEMBER
2012-01-25T17:49:00.909Z|824633721009|2199023255594|HAS_MEMBER
2012-01-25T17:49:00.909Z|824633721009|10995116277761|HAS_MEMBER
2012-01-25T17:49:00.909Z|824633721009|19791209299987|HAS_MEMBER
2012-01-25T17:49:00.909Z|824633721009|26388279066658|HAS_MEMBER
2012-03-13T15:16:18.597Z|824633721009|28587302322196|HAS_MEMBER
2012-04-08T11:48:04.301Z|824633721009|28587302322204|HAS_MEMBER
2012-04-28T19:29:42.053Z|893353197746|32|HAS_MEMBER
2012-04-28T19:29:42.053Z|893353197746|2199023255594|HAS_MEMBER
2012-04-28T19:29:42.053Z|893353197746|10995116277761|HAS_MEMBER
2012-04-28T19:29:42.053Z|893353197746|19791209299987|HAS_MEMBER
2012-04-28T19:29:42.053Z|893353197746|28587302322180|HAS_MEMBER
2012-04-28T19:29:42.053Z|893353197746|28587302322196|HAS_MEMBER
2012-04-28T19:29:42.053Z|893353197746|28587302322204|HAS_MEMBER
2012-02-27T17:34:20.972Z|824633721011|32|HAS_MEMBER
2012-02-27T17:34:20.972Z|824633721011|2199023255594|HAS_MEMBER
2012-02-27T17:34:20.972Z|824633721011|26388279066641|HAS_MEMBER
2012-02-27T17:34:20.972Z|824633721011|26388279066658|HAS_MEMBER
2012-03-30T10:11:22.788Z|824633721011|28587302322180|HAS_MEMBER
2012-03-13T15:16:18.597Z|824633721011|28587302322196|HAS_MEMBER
2012-04-08T11:48:04.301Z|824633721011|28587302322204|HAS_MEMBER
2011-08-19T04:24:09.765Z|618475290804|32|HAS_MEMBER
2011-08-19T04:24:09.765Z|618475290804|10995116277761|HAS_MEMBER
2011-08-19T04:24:09.765Z|618475290804|19791209299987|HAS_MEMBER
2012-01-12T23:55:12.878Z|618475290804|26388279066641|HAS_MEMBER
2011-09-30T20:45:21.855Z|687194767541|32|HAS_MEMBER
2011-09-30T20:45:21.855Z|687194767541|2199023255594|HAS_MEMBER
2011-09-30T20:45:21.855Z|687194767541|10995116277761|HAS_MEMBER
2011-09-30T20:45:21.855Z|687194767541|19791209299987|HAS_MEMBER
2012-01-16T00:09:50.120Z|687194767541|26388279066658|HAS_MEMBER
2012-03-30T10:11:22.788Z|687194767541|28587302322180|HAS_MEMBER
2012-04-08T11:48:04.301Z|687194767541|28587302322204|HAS_MEMBER
2011-05-23T21:37:17.999Z|549755814070|32|HAS_MEMBER
2011-05-23T21:37:17.999Z|549755814070|2199023255594|HAS_MEMBER
2011-08-04T04:48:08.173Z|549755814070|19791209299987|HAS_MEMBER
2012-01-12T23:55:12.878Z|549755814070|26388279066641|HAS_MEMBER
2012-01-16T00:09:50.120Z|549755814070|26388279066658|HAS_MEMBER
2012-03-13T15:16:18.597Z|549755814070|28587302322196|HAS_MEMBER
2012-04-08T11:48:04.301Z|549755814070|28587302322204|HAS_MEMBER
2012-03-21T11:09:35.961Z|893353197751|19791209299987|HAS_MEMBER
2012-03-21T11:09:35.961Z|893353197751|26388279066641|HAS_MEMBER
2012-03-21T11:09:35.961Z|893353197751|28587302322196|HAS_MEMBER
2012-04-08T11:48:04.301Z|893353197751|28587302322204|HAS_MEMBER
2012-03-20T03:09:52.828Z|893353197752|32|HAS_MEMBER
2012-03-20T03:09:52.828Z|893353197752|19791209299987|HAS_MEMBER
2012-03-20T03:09:52.828Z|893353197752|26388279066641|HAS_MEMBER
2012-03-20T03:09:52.828Z|893353197752|26388279066658|HAS_MEMBER
2012-03-30T10:11:22.788Z|893353197752|28587302322180|HAS_MEMBER
2012-04-08T11:48:04.301Z|893353197752|28587302322204|HAS_MEMBER
2012-06-14T05:43:35.817Z|824633721018|16|HAS_MEMBER
2012-02-16T19:42:57.972Z|412316860640|2199023255557|HAS_MEMBER
2012-01-21T15:40:15.916Z|412316860640|8796093022244|HAS_MEMBER
2012-02-03T10:37:05.877Z|412316860640|24189255811081|HAS_MEMBER
2012-08-09T22:16:49.075Z|412316860640|32985348833329|HAS_MEMBER
2012-04-28T15:20:28.223Z|824633721058|17592186044443|HAS_MEMBER
2012-07-27T21:33:19.834Z|824633721058|19791209299968|HAS_MEMBER
2012-02-16T08:55:49.617Z|824633721058|8796093022234|HAS_MEMBER
2012-06-23T14:29:26.816Z|824633721058|6597069766702|HAS_MEMBER
2012-04-18T03:28:19.360Z|824633721058|21990232555527|HAS_MEMBER
2012-06-29T08:59:40.776Z|824633721058|10995116277783|HAS_MEMBER
2012-06-15T00:02:21.630Z|824633721058|16|HAS_MEMBER
2012-04-03T16:39:14.366Z|824633721058|10995116277808|HAS_MEMBER
2012-04-12T19:09:37.107Z|824633721058|26388279066632|HAS_MEMBER
2012-05-11T10:13:06.830Z|824633721058|28587302322223|HAS_MEMBER
2012-07-27T13:13:14.603Z|824633721058|28587302322196|HAS_MEMBER
2012-07-18T06:31:36.779Z|824633721058|10995116277761|HAS_MEMBER
2012-06-21T02:00:17.877Z|824633721058|2199023255557|HAS_MEMBER
2012-05-19T13:09:06.819Z|824633721058|14|HAS_MEMBER
2012-03-01T09:04:10.387Z|824633721058|24189255811109|HAS_MEMBER
2012-08-26T02:14:05.876Z|824633721058|13194139533352|HAS_MEMBER
2012-05-25T21:40:04.832Z|824633721058|2199023255594|HAS_MEMBER
2012-04-17T00:31:06.861Z|824633721058|26388279066658|HAS_MEMBER
2012-08-28T07:01:00.923Z|824633721058|15393162788877|HAS_MEMBER
2012-08-12T05:00:27.060Z|824633721058|10995116277782|HAS_MEMBER
2012-04-09T18:20:30.765Z|824633721058|32|HAS_MEMBER
2012-08-12T09:53:29.153Z|824633721058|28587302322209|HAS_MEMBER
2012-09-06T20:58:40.009Z|824633721058|8796093022244|HAS_MEMBER
2012-07-18T14:37:30.793Z|824633721058|30786325577740|HAS_MEMBER
2012-03-17T05:06:56.757Z|824633721058|19791209299987|HAS_MEMBER
2012-03-25T12:56:43.080Z|824633721058|8796093022237|HAS_MEMBER
2012-07-22T08:46:52.625Z|824633721058|24189255811081|HAS_MEMBER
2012-01-29T18:36:59.866Z|687194767587|8796093022237|HAS_MEMBER
2012-01-09T19:29:07.336Z|687194767587|24189255811109|HAS_MEMBER
2012-01-14T18:43:47.453Z|687194767587|17592186044443|HAS_MEMBER
2011-10-22T07:48:52.137Z|687194767587|13194139533342|HAS_MEMBER
2012-03-07T04:31:51.417Z|687194767587|8796093022234|HAS_MEMBER
2012-04-05T00:47:18.344Z|687194767587|10995116277783|HAS_MEMBER
2012-02-18T16:21:55.185Z|687194767587|10995116277761|HAS_MEMBER
2012-01-06T15:48:26.946Z|687194767587|13194139533352|HAS_MEMBER
2012-06-02T10:28:05.741Z|962072674532|26388279066658|HAS_MEMBER
2012-07-04T07:26:18.284Z|962072674532|14|HAS_MEMBER
2012-08-17T23:06:28.200Z|962072674532|32985348833318|HAS_MEMBER
2012-08-06T20:20:17.161Z|962072674532|24189255811109|HAS_MEMBER
2012-08-14T16:25:11.051Z|962072674532|6597069766702|HAS_MEMBER
2012-09-10T12:15:00.201Z|962072674532|32|HAS_MEMBER
2012-08-30T00:03:47.937Z|962072674532|19791209299987|HAS_MEMBER
2012-07-18T21:47:41.687Z|962072674532|17592186044461|HAS_MEMBER
2012-06-05T06:03:58.802Z|962072674532|16|HAS_MEMBER
2012-08-26T01:35:20.557Z|962072674532|26388279066655|HAS_MEMBER
2012-09-10T11:43:01.478Z|962072674532|26388279066641|HAS_MEMBER
2012-07-05T01:28:52.686Z|962072674532|8796093022244|HAS_MEMBER
2012-07-17T00:31:03.037Z|962072674532|10995116277783|HAS_MEMBER
2012-06-18T03:38:22.220Z|962072674532|13194139533352|HAS_MEMBER
2012-09-02T07:20:41.517Z|962072674532|2199023255573|HAS_MEMBER
2012-06-30T13:51:25.540Z|962072674532|28587302322204|HAS_MEMBER
2012-09-01T12:16:47.773Z|962072674532|2199023255594|HAS_MEMBER
2012-05-28T14:22:01.326Z|962072674532|17592186044443|HAS_MEMBER
2012-08-26T07:29:03.537Z|962072674532|28587302322209|HAS_MEMBER
2012-08-01T04:03:38.500Z|893353197822|28587302322180|HAS_MEMBER
2012-08-27T11:50:13.662Z|962072674559|28587302322180|HAS_MEMBER
2012-08-09T22:16:49.075Z|1030792151296|13194139533355|HAS_MEMBER
2012-09-08T19:57:02.520Z|1099511628036|13194139533355|HAS_MEMBER
2012-07-17T03:48:33.945Z|206158430471|26388279066658|HAS_MEMBER
2012-01-16T00:09:50.120Z|274877907208|26388279066658|HAS_MEMBER
2012-01-16T00:09:50.120Z|824633721098|26388279066658|HAS_MEMBER
2012-01-16T00:09:50.120Z|206158430476|26388279066658|HAS_MEMBER
2012-01-16T00:09:50.120Z|274877907213|26388279066658|HAS_MEMBER
2012-05-05T04:52:20.144Z|893353197838|26388279066658|HAS_MEMBER
2012-01-16T00:09:50.120Z|755914244367|26388279066658|HAS_MEMBER
2012-01-16T00:09:50.120Z|687194767633|26388279066658|HAS_MEMBER
2012-01-16T00:09:50.120Z|618475290898|26388279066658|HAS_MEMBER
2012-01-16T00:09:50.120Z|755914244371|26388279066658|HAS_MEMBER
2012-07-15T01:58:45.957Z|1030792151316|26388279066658|HAS_MEMBER
2012-04-18T19:06:54.281Z|893353197846|26388279066658|HAS_MEMBER
2012-04-03T16:15:13.090Z|893353197848|26388279066658|HAS_MEMBER
2012-04-22T00:59:46.382Z|893353197849|26388279066658|HAS_MEMBER
2012-01-16T00:09:50.120Z|481036337434|26388279066658|HAS_MEMBER
2012-01-16T00:09:50.120Z|412316860700|26388279066658|HAS_MEMBER
2012-04-19T06:11:49.091Z|893353197853|26388279066658|HAS_MEMBER
2012-03-07T17:13:48.837Z|824633721118|26388279066658|HAS_MEMBER
2012-01-16T00:09:50.120Z|618475290911|26388279066658|HAS_MEMBER
2012-03-07T09:31:08.926Z|824633721120|26388279066658|HAS_MEMBER
2012-01-29T04:45:37.523Z|824633721122|26388279066658|HAS_MEMBER
2012-01-16T00:09:50.120Z|343597383971|26388279066658|HAS_MEMBER
2012-01-16T00:09:50.120Z|481036337444|26388279066658|HAS_MEMBER
2011-11-07T22:05:20.543Z|68719477029|16|HAS_MEMBER
2011-06-24T02:40:30.246Z|68719477029|32|HAS_MEMBER
2011-09-04T04:10:52.355Z|68719477029|8796093022244|HAS_MEMBER
2011-03-12T08:29:47.727Z|68719477029|10995116277761|HAS_MEMBER
2011-12-29T11:29:40.153Z|68719477029|13194139533342|HAS_MEMBER
2012-01-17T16:40:16.360Z|68719477029|13194139533352|HAS_MEMBER
2011-11-13T22:39:10.949Z|68719477029|15393162788877|HAS_MEMBER
2012-07-08T16:38:29.049Z|68719477029|17592186044461|HAS_MEMBER
2012-04-11T22:57:01.362Z|68719477029|24189255811081|HAS_MEMBER
2012-01-16T01:49:23.002Z|68719477029|26388279066658|HAS_MEMBER
2012-06-21T05:46:14.882Z|68719477029|26388279066668|HAS_MEMBER
2012-09-08T16:48:23.698Z|68719477029|28587302322180|HAS_MEMBER
2012-06-05T04:39:21.423Z|68719477029|28587302322196|HAS_MEMBER
2012-08-19T00:19:31.283Z|68719477029|30786325577740|HAS_MEMBER
2011-02-19T17:21:01.057Z|412316860710|16|HAS_MEMBER
2011-02-19T17:21:01.057Z|412316860710|32|HAS_MEMBER
2011-02-19T17:21:01.057Z|412316860710|10995116277761|HAS_MEMBER
2011-02-28T08:13:39.086Z|412316860710|13194139533342|HAS_MEMBER
2011-02-19T17:21:01.057Z|412316860710|13194139533352|HAS_MEMBER
2011-05-11T19:46:57.595Z|412316860710|17592186044461|HAS_MEMBER
2011-12-29T07:56:49.032Z|412316860710|24189255811081|HAS_MEMBER
2012-01-12T23:55:12.878Z|412316860710|26388279066641|HAS_MEMBER
2012-01-16T00:09:50.120Z|412316860710|26388279066658|HAS_MEMBER
2012-02-26T23:42:03.145Z|412316860710|26388279066668|HAS_MEMBER
2012-03-30T10:11:22.788Z|412316860710|28587302322180|HAS_MEMBER
2011-01-22T16:04:14.610Z|412316860711|16|HAS_MEMBER
2011-01-22T16:04:14.610Z|412316860711|32|HAS_MEMBER
2011-01-22T16:04:14.610Z|412316860711|10995116277761|HAS_MEMBER
2011-02-19T10:23:10.379Z|412316860711|13194139533352|HAS_MEMBER
2012-01-12T23:55:12.878Z|412316860711|26388279066641|HAS_MEMBER
2012-01-16T00:09:50.120Z|412316860711|26388279066658|HAS_MEMBER
2012-02-26T23:42:03.145Z|412316860711|26388279066668|HAS_MEMBER
2012-06-26T12:37:45.179Z|412316860711|30786325577740|HAS_MEMBER
2011-12-08T05:01:02.182Z|755914244392|32|HAS_MEMBER
2011-12-08T05:01:02.182Z|755914244392|8796093022244|HAS_MEMBER
2011-12-08T05:01:02.182Z|755914244392|10995116277761|HAS_MEMBER
2011-12-08T05:01:02.182Z|755914244392|13194139533342|HAS_MEMBER
2011-12-08T05:01:02.182Z|755914244392|13194139533352|HAS_MEMBER
2011-12-08T05:01:02.182Z|755914244392|15393162788877|HAS_MEMBER
2012-01-12T23:55:12.878Z|755914244392|26388279066641|HAS_MEMBER
2012-01-16T00:09:50.120Z|755914244392|26388279066658|HAS_MEMBER
2012-02-26T23:42:03.145Z|755914244392|26388279066668|HAS_MEMBER
2012-03-30T10:11:22.788Z|755914244392|28587302322180|HAS_MEMBER
2012-03-13T15:16:18.597Z|755914244392|28587302322196|HAS_MEMBER
2012-06-26T12:37:45.179Z|755914244392|30786325577740|HAS_MEMBER
2012-08-04T09:40:27.200Z|1030792151337|16|HAS_MEMBER
2012-08-04T09:40:27.200Z|1030792151337|32|HAS_MEMBER
2012-08-04T09:40:27.200Z|1030792151337|10995116277761|HAS_MEMBER
2012-08-04T09:40:27.200Z|1030792151337|13194139533352|HAS_MEMBER
2012-08-04T09:40:27.200Z|1030792151337|24189255811081|HAS_MEMBER
2012-08-04T09:40:27.200Z|1030792151337|26388279066641|HAS_MEMBER
2012-08-04T09:40:27.200Z|1030792151337|26388279066658|HAS_MEMBER
2012-08-04T09:40:27.200Z|1030792151337|26388279066668|HAS_MEMBER
2012-08-04T09:40:27.200Z|1030792151337|28587302322180|HAS_MEMBER
2012-08-04T09:40:27.200Z|1030792151337|28587302322196|HAS_MEMBER
2012-08-04T09:40:27.200Z|1030792151337|30786325577740|HAS_MEMBER
2011-10-14T11:49:04.289Z|687194767658|32|HAS_MEMBER
2011-10-14T11:49:04.289Z|687194767658|8796093022244|HAS_MEMBER
2011-10-14T11:49:04.289Z|687194767658|13194139533352|HAS_MEMBER
2012-01-12T23:55:12.878Z|687194767658|26388279066641|HAS_MEMBER
2012-01-16T00:09:50.120Z|687194767658|26388279066658|HAS_MEMBER
2012-02-26T23:42:03.145Z|687194767658|26388279066668|HAS_MEMBER
2012-03-30T10:11:22.788Z|687194767658|28587302322180|HAS_MEMBER
2012-03-13T15:16:18.597Z|687194767658|28587302322196|HAS_MEMBER
2012-06-26T12:37:45.179Z|687194767658|30786325577740|HAS_MEMBER
2011-08-06T02:44:48.269Z|618475290924|16|HAS_MEMBER
2011-08-06T02:44:48.269Z|618475290924|32|HAS_MEMBER
2011-08-06T02:44:48.269Z|618475290924|10995116277761|HAS_MEMBER
2011-08-06T02:44:48.269Z|618475290924|13194139533342|HAS_MEMBER
2011-08-06T02:44:48.269Z|618475290924|13194139533352|HAS_MEMBER
2011-12-29T07:56:49.032Z|618475290924|24189255811081|HAS_MEMBER
2012-01-12T23:55:12.878Z|618475290924|26388279066641|HAS_MEMBER
2012-01-16T00:09:50.120Z|618475290924|26388279066658|HAS_MEMBER
2012-02-26T23:42:03.145Z|618475290924|26388279066668|HAS_MEMBER
2012-03-30T10:11:22.788Z|618475290924|28587302322180|HAS_MEMBER
2012-03-13T15:16:18.597Z|618475290924|28587302322196|HAS_MEMBER
2011-12-29T00:06:21.005Z|755914244398|16|HAS_MEMBER
2011-12-29T00:06:21.005Z|755914244398|32|HAS_MEMBER
2011-12-29T00:06:21.005Z|755914244398|10995116277761|HAS_MEMBER
2011-12-29T00:06:21.005Z|755914244398|13194139533342|HAS_MEMBER
2011-12-29T00:06:21.005Z|755914244398|15393162788877|HAS_MEMBER
2011-12-29T07:56:49.032Z|755914244398|24189255811081|HAS_MEMBER
2012-01-12T23:55:12.878Z|755914244398|26388279066641|HAS_MEMBER
2012-01-16T00:09:50.120Z|755914244398|26388279066658|HAS_MEMBER
2012-02-26T23:42:03.145Z|755914244398|26388279066668|HAS_MEMBER
2012-03-30T10:11:22.788Z|755914244398|28587302322180|HAS_MEMBER
2012-03-13T15:16:18.597Z|755914244398|28587302322196|HAS_MEMBER
2012-05-11T12:29:28.132Z|962072674607|16|HAS_MEMBER
2012-05-11T12:29:28.132Z|962072674607|8796093022244|HAS_MEMBER
2012-05-11T12:29:28.132Z|962072674607|10995116277761|HAS_MEMBER
2012-05-11T12:29:28.132Z|962072674607|13194139533342|HAS_MEMBER
2012-05-11T12:29:28.132Z|962072674607|15393162788877|HAS_MEMBER
2012-05-11T12:29:28.132Z|962072674607|17592186044461|HAS_MEMBER
2012-05-11T12:29:28.132Z|962072674607|24189255811081|HAS_MEMBER
2012-05-11T12:29:28.132Z|962072674607|26388279066658|HAS_MEMBER
2012-03-16T04:30:05.121Z|893353197872|32|HAS_MEMBER
2012-03-16T04:30:05.121Z|893353197872|10995116277761|HAS_MEMBER
2012-03-16T04:30:05.121Z|893353197872|13194139533342|HAS_MEMBER
2012-03-16T04:30:05.121Z|893353197872|15393162788877|HAS_MEMBER
2012-03-16T04:30:05.121Z|893353197872|26388279066668|HAS_MEMBER
2012-03-30T10:11:22.788Z|893353197872|28587302322180|HAS_MEMBER
2012-03-16T04:30:05.121Z|893353197872|28587302322196|HAS_MEMBER
2012-06-26T12:37:45.179Z|893353197872|30786325577740|HAS_MEMBER
2010-12-04T18:15:30.415Z|343597383985|16|HAS_MEMBER
2010-12-04T18:15:30.415Z|343597383985|32|HAS_MEMBER
2010-12-04T18:15:30.415Z|343597383985|10995116277761|HAS_MEMBER
2011-02-28T08:13:39.086Z|343597383985|13194139533342|HAS_MEMBER
2011-03-12T15:40:52.861Z|343597383985|15393162788877|HAS_MEMBER
2011-05-11T19:46:57.595Z|343597383985|17592186044461|HAS_MEMBER
2011-12-29T07:56:49.032Z|343597383985|24189255811081|HAS_MEMBER
2012-01-12T23:55:12.878Z|343597383985|26388279066641|HAS_MEMBER
2012-01-16T00:09:50.120Z|343597383985|26388279066658|HAS_MEMBER
2012-02-26T23:42:03.145Z|343597383985|26388279066668|HAS_MEMBER
2012-03-13T15:16:18.597Z|343597383985|28587302322196|HAS_MEMBER
2012-02-18T10:35:17.635Z|824633721138|16|HAS_MEMBER
2012-02-18T10:35:17.635Z|824633721138|32|HAS_MEMBER
2012-02-18T10:35:17.635Z|824633721138|8796093022244|HAS_MEMBER
2012-02-18T10:35:17.635Z|824633721138|10995116277761|HAS_MEMBER
2012-02-18T10:35:17.635Z|824633721138|13194139533352|HAS_MEMBER
2012-02-18T10:35:17.635Z|824633721138|15393162788877|HAS_MEMBER
2012-02-18T10:35:17.635Z|824633721138|17592186044461|HAS_MEMBER
2012-02-18T10:35:17.635Z|824633721138|24189255811081|HAS_MEMBER
2012-02-18T10:35:17.635Z|824633721138|26388279066641|HAS_MEMBER
2012-02-26T23:42:03.145Z|824633721138|26388279066668|HAS_MEMBER
2012-03-30T10:11:22.788Z|824633721138|28587302322180|HAS_MEMBER
2012-03-13T15:16:18.597Z|824633721138|28587302322196|HAS_MEMBER
2012-06-26T12:37:45.179Z|824633721138|30786325577740|HAS_MEMBER
2011-01-20T09:25:11.199Z|412316860723|16|HAS_MEMBER
2011-01-20T09:25:11.199Z|412316860723|32|HAS_MEMBER
2011-02-28T08:13:39.086Z|412316860723|13194139533342|HAS_MEMBER
2011-03-12T15:40:52.861Z|412316860723|15393162788877|HAS_MEMBER
2011-05-11T19:46:57.595Z|412316860723|17592186044461|HAS_MEMBER
2012-01-12T23:55:12.878Z|412316860723|26388279066641|HAS_MEMBER
2012-01-16T00:09:50.120Z|412316860723|26388279066658|HAS_MEMBER
2012-02-26T23:42:03.145Z|412316860723|26388279066668|HAS_MEMBER
2012-03-30T10:11:22.788Z|412316860723|28587302322180|HAS_MEMBER
2012-03-13T15:16:18.597Z|412316860723|28587302322196|HAS_MEMBER
2012-06-26T12:37:45.179Z|412316860723|30786325577740|HAS_MEMBER
2011-10-05T17:48:16.930Z|687194767668|32|HAS_MEMBER
2011-10-05T17:48:16.930Z|687194767668|13194139533342|HAS_MEMBER
2011-10-05T17:48:16.930Z|687194767668|15393162788877|HAS_MEMBER
2011-12-29T07:56:49.032Z|687194767668|24189255811081|HAS_MEMBER
2012-02-26T23:42:03.145Z|687194767668|26388279066668|HAS_MEMBER
2012-03-30T10:11:22.788Z|687194767668|28587302322180|HAS_MEMBER
2011-08-06T19:53:21.566Z|618475290933|32|HAS_MEMBER
2011-08-06T19:53:21.566Z|618475290933|8796093022244|HAS_MEMBER
2011-08-06T19:53:21.566Z|618475290933|10995116277761|HAS_MEMBER
2011-08-06T19:53:21.566Z|618475290933|13194139533342|HAS_MEMBER
2011-08-06T19:53:21.566Z|618475290933|15393162788877|HAS_MEMBER
2011-08-06T19:53:21.566Z|618475290933|17592186044461|HAS_MEMBER
2011-12-29T07:56:49.032Z|618475290933|24189255811081|HAS_MEMBER
2012-01-12T23:55:12.878Z|618475290933|26388279066641|HAS_MEMBER
2012-01-16T00:09:50.120Z|618475290933|26388279066658|HAS_MEMBER
2012-02-26T23:42:03.145Z|618475290933|26388279066668|HAS_MEMBER
2012-03-30T10:11:22.788Z|618475290933|28587302322180|HAS_MEMBER
2012-06-26T12:37:45.179Z|618475290933|30786325577740|HAS_MEMBER
2012-05-29T23:12:07.726Z|962072674614|16|HAS_MEMBER
2012-05-29T23:12:07.726Z|962072674614|8796093022244|HAS_MEMBER
2012-05-29T23:12:07.726Z|962072674614|13194139533352|HAS_MEMBER
2012-05-29T23:12:07.726Z|962072674614|15393162788877|HAS_MEMBER
2012-05-29T23:12:07.726Z|962072674614|17592186044461|HAS_MEMBER
2012-05-29T23:12:07.726Z|962072674614|24189255811081|HAS_MEMBER
2012-05-29T23:12:07.726Z|962072674614|26388279066641|HAS_MEMBER
2012-05-29T23:12:07.726Z|962072674614|26388279066658|HAS_MEMBER
2012-05-29T23:12:07.726Z|962072674614|26388279066668|HAS_MEMBER
2012-05-29T23:12:07.726Z|962072674614|28587302322196|HAS_MEMBER
2011-08-02T03:09:40.387Z|618475290935|10995116277761|HAS_MEMBER
2011-08-02T03:09:40.387Z|618475290935|13194139533342|HAS_MEMBER
2011-08-02T03:09:40.387Z|618475290935|13194139533352|HAS_MEMBER
2011-12-29T07:56:49.032Z|618475290935|24189255811081|HAS_MEMBER
2012-01-12T23:55:12.878Z|618475290935|26388279066641|HAS_MEMBER
2012-01-16T00:09:50.120Z|618475290935|26388279066658|HAS_MEMBER
2012-02-26T23:42:03.145Z|618475290935|26388279066668|HAS_MEMBER
2012-03-30T10:11:22.788Z|618475290935|28587302322180|HAS_MEMBER
2010-11-02T03:28:44.097Z|274877907257|16|HAS_MEMBER
2010-11-02T03:28:44.097Z|274877907257|32|HAS_MEMBER
2010-11-13T15:50:19.443Z|274877907257|10995116277761|HAS_MEMBER
2011-02-28T08:13:39.086Z|274877907257|13194139533342|HAS_MEMBER
2011-02-19T10:23:10.379Z|274877907257|13194139533352|HAS_MEMBER
2011-03-12T15:40:52.861Z|274877907257|15393162788877|HAS_MEMBER
2011-05-11T19:46:57.595Z|274877907257|17592186044461|HAS_MEMBER
2012-01-12T23:55:12.878Z|274877907257|26388279066641|HAS_MEMBER
2012-03-30T10:11:22.788Z|274877907257|28587302322180|HAS_MEMBER
2012-03-13T15:16:18.597Z|274877907257|28587302322196|HAS_MEMBER
2012-06-26T12:37:45.179Z|274877907257|30786325577740|HAS_MEMBER
2011-02-18T13:55:32.667Z|412316860730|16|HAS_MEMBER
2011-02-18T13:55:32.667Z|412316860730|32|HAS_MEMBER
2011-02-18T13:55:32.667Z|412316860730|8796093022244|HAS_MEMBER
2011-02-18T13:55:32.667Z|412316860730|10995116277761|HAS_MEMBER
2011-02-19T10:23:10.379Z|412316860730|13194139533352|HAS_MEMBER
2011-03-12T15:40:52.861Z|412316860730|15393162788877|HAS_MEMBER
2011-12-29T07:56:49.032Z|412316860730|24189255811081|HAS_MEMBER
2012-01-12T23:55:12.878Z|412316860730|26388279066641|HAS_MEMBER
2012-01-16T00:09:50.120Z|412316860730|26388279066658|HAS_MEMBER
2012-03-30T10:11:22.788Z|412316860730|28587302322180|HAS_MEMBER
2012-06-26T12:37:45.179Z|412316860730|30786325577740|HAS_MEMBER
2011-11-14T16:26:13.896Z|755914244412|16|HAS_MEMBER
2011-11-14T16:26:13.896Z|755914244412|32|HAS_MEMBER
2011-11-14T16:26:13.896Z|755914244412|8796093022244|HAS_MEMBER
2011-11-14T16:26:13.896Z|755914244412|10995116277761|HAS_MEMBER
2011-11-14T16:26:13.896Z|755914244412|13194139533352|HAS_MEMBER
2011-11-14T16:26:13.896Z|755914244412|17592186044461|HAS_MEMBER
2012-02-26T23:42:03.145Z|755914244412|26388279066668|HAS_MEMBER
2012-03-30T10:11:22.788Z|755914244412|28587302322180|HAS_MEMBER
2012-03-13T15:16:18.597Z|755914244412|28587302322196|HAS_MEMBER
2012-06-26T12:37:45.179Z|755914244412|30786325577740|HAS_MEMBER
2011-05-31T23:01:06.341Z|549755814205|16|HAS_MEMBER
2011-05-31T23:01:06.341Z|549755814205|32|HAS_MEMBER
2011-05-31T23:01:06.341Z|549755814205|8796093022244|HAS_MEMBER
2011-05-31T23:01:06.341Z|549755814205|13194139533342|HAS_MEMBER
2011-05-31T23:01:06.341Z|549755814205|13194139533352|HAS_MEMBER
2011-12-29T07:56:49.032Z|549755814205|24189255811081|HAS_MEMBER
2012-01-16T00:09:50.120Z|549755814205|26388279066658|HAS_MEMBER
2012-02-26T23:42:03.145Z|549755814205|26388279066668|HAS_MEMBER
2012-03-30T10:11:22.788Z|549755814205|28587302322180|HAS_MEMBER
2012-03-13T15:16:18.597Z|549755814205|28587302322196|HAS_MEMBER
2012-06-26T12:37:45.179Z|549755814205|30786325577740|HAS_MEMBER
2011-09-25T03:08:53.582Z|687194767678|16|HAS_MEMBER
2011-09-25T03:08:53.582Z|687194767678|32|HAS_MEMBER
2011-09-25T03:08:53.582Z|687194767678|8796093022244|HAS_MEMBER
2011-09-25T03:08:53.582Z|687194767678|10995116277761|HAS_MEMBER
2011-09-25T03:08:53.582Z|687194767678|13194139533342|HAS_MEMBER
2011-09-25T03:08:53.582Z|687194767678|13194139533352|HAS_MEMBER
2011-09-25T03:08:53.582Z|687194767678|17592186044461|HAS_MEMBER
2011-12-29T07:56:49.032Z|687194767678|24189255811081|HAS_MEMBER
2012-01-12T23:55:12.878Z|687194767678|26388279066641|HAS_MEMBER
2012-01-16T00:09:50.120Z|687194767678|26388279066658|HAS_MEMBER
2012-02-26T23:42:03.145Z|687194767678|26388279066668|HAS_MEMBER
2012-03-30T10:11:22.788Z|687194767678|28587302322180|HAS_MEMBER
2011-09-19T06:44:40.081Z|687194767679|16|HAS_MEMBER
2011-09-19T06:44:40.081Z|687194767679|8796093022244|HAS_MEMBER
2011-09-19T06:44:40.081Z|687194767679|10995116277761|HAS_MEMBER
2011-09-19T06:44:40.081Z|687194767679|13194139533352|HAS_MEMBER
2011-09-19T06:44:40.081Z|687194767679|15393162788877|HAS_MEMBER
2011-09-19T06:44:40.081Z|687194767679|17592186044461|HAS_MEMBER
2012-01-12T23:55:12.878Z|687194767679|26388279066641|HAS_MEMBER
2012-03-30T10:11:22.788Z|687194767679|28587302322180|HAS_MEMBER
2012-03-13T15:16:18.597Z|687194767679|28587302322196|HAS_MEMBER
2012-07-08T05:40:59.753Z|962072674626|16|HAS_MEMBER
2012-07-08T05:40:59.753Z|962072674626|32|HAS_MEMBER
2012-07-08T05:40:59.753Z|962072674626|8796093022244|HAS_MEMBER
2012-07-08T05:40:59.753Z|962072674626|13194139533342|HAS_MEMBER
2012-07-08T05:40:59.753Z|962072674626|13194139533352|HAS_MEMBER
2012-07-08T05:40:59.753Z|962072674626|15393162788877|HAS_MEMBER
2012-07-08T05:40:59.753Z|962072674626|17592186044461|HAS_MEMBER
2012-07-08T05:40:59.753Z|962072674626|24189255811081|HAS_MEMBER
2012-07-08T05:40:59.753Z|962072674626|26388279066641|HAS_MEMBER
2012-07-08T05:40:59.753Z|962072674626|26388279066668|HAS_MEMBER
2012-07-08T05:40:59.753Z|962072674626|28587302322180|HAS_MEMBER
2012-07-08T05:40:59.753Z|962072674626|28587302322196|HAS_MEMBER
2012-07-08T05:40:59.753Z|962072674626|30786325577740|HAS_MEMBER
2012-02-28T22:02:42.877Z|824633721155|32|HAS_MEMBER
2012-02-28T22:02:42.877Z|824633721155|8796093022244|HAS_MEMBER
2012-02-28T22:02:42.877Z|824633721155|13194139533342|HAS_MEMBER
2012-02-28T22:02:42.877Z|824633721155|13194139533352|HAS_MEMBER
2012-02-28T22:02:42.877Z|824633721155|17592186044461|HAS_MEMBER
2012-02-28T22:02:42.877Z|824633721155|24189255811081|HAS_MEMBER
2012-02-28T22:02:42.877Z|824633721155|26388279066658|HAS_MEMBER
2012-02-28T22:02:42.877Z|824633721155|26388279066668|HAS_MEMBER
2012-03-13T15:16:18.597Z|824633721155|28587302322196|HAS_MEMBER
2012-06-26T12:37:45.179Z|824633721155|30786325577740|HAS_MEMBER
2010-09-20T01:16:12.024Z|274877907268|16|HAS_MEMBER
2010-09-20T01:16:12.024Z|274877907268|32|HAS_MEMBER
2011-02-19T10:23:10.379Z|274877907268|13194139533352|HAS_MEMBER
2011-05-11T19:46:57.595Z|274877907268|17592186044461|HAS_MEMBER
2011-12-29T07:56:49.032Z|274877907268|24189255811081|HAS_MEMBER
2012-01-12T23:55:12.878Z|274877907268|26388279066641|HAS_MEMBER
2012-01-16T00:09:50.120Z|274877907268|26388279066658|HAS_MEMBER
2012-03-30T10:11:22.788Z|274877907268|28587302322180|HAS_MEMBER
2012-03-13T15:16:18.597Z|274877907268|28587302322196|HAS_MEMBER
2012-06-26T12:37:45.179Z|274877907268|30786325577740|HAS_MEMBER
2012-02-13T12:42:05.872Z|824633721157|32|HAS_MEMBER
2012-02-13T12:42:05.872Z|824633721157|8796093022244|HAS_MEMBER
2012-02-13T12:42:05.872Z|824633721157|13194139533342|HAS_MEMBER
2012-02-13T12:42:05.872Z|824633721157|13194139533352|HAS_MEMBER
2012-02-13T12:42:05.872Z|824633721157|26388279066641|HAS_MEMBER
2012-02-13T12:42:05.872Z|824633721157|26388279066658|HAS_MEMBER
2012-02-26T23:42:03.145Z|824633721157|26388279066668|HAS_MEMBER
2012-03-13T15:16:18.597Z|824633721157|28587302322196|HAS_MEMBER
2012-06-26T12:37:45.179Z|824633721157|30786325577740|HAS_MEMBER
2010-09-28T17:47:00.451Z|206158430534|8796093022244|HAS_MEMBER
2010-11-13T15:50:19.443Z|206158430534|10995116277761|HAS_MEMBER
2011-02-28T08:13:39.086Z|206158430534|13194139533342|HAS_MEMBER
2011-02-19T10:23:10.379Z|206158430534|13194139533352|HAS_MEMBER
2011-03-12T15:40:52.861Z|206158430534|15393162788877|HAS_MEMBER
2012-01-12T23:55:12.878Z|206158430534|26388279066641|HAS_MEMBER
2012-01-16T00:09:50.120Z|206158430534|26388279066658|HAS_MEMBER
2012-02-26T23:42:03.145Z|206158430534|26388279066668|HAS_MEMBER
2012-03-30T10:11:22.788Z|206158430534|28587302322180|HAS_MEMBER
2012-03-13T15:16:18.597Z|206158430534|28587302322196|HAS_MEMBER
2011-11-13T22:39:10.949Z|481036337479|2199023255594|HAS_MEMBER
2012-08-18T07:57:24.510Z|824633721161|28587302322204|HAS_MEMBER
2012-02-09T11:13:28.460Z|824633721162|32|HAS_MEMBER
2012-01-16T01:49:23.002Z|824633721162|2199023255594|HAS_MEMBER
2012-07-17T03:48:33.945Z|824633721162|6597069766702|HAS_MEMBER
2012-07-13T09:58:41.938Z|824633721162|10995116277761|HAS_MEMBER
2012-02-17T23:16:54.688Z|824633721162|10995116277782|HAS_MEMBER
2012-06-10T16:33:02.722Z|824633721162|24189255811081|HAS_MEMBER
2012-06-20T00:36:40.767Z|824633721162|28587302322196|HAS_MEMBER
2012-06-26T13:31:17.084Z|824633721162|30786325577740|HAS_MEMBER
2012-07-08T16:38:29.049Z|549755814219|2199023255594|HAS_MEMBER
2012-05-02T11:07:04.001Z|687194767692|24189255811081|HAS_MEMBER
2012-02-05T17:26:40.511Z|824633721167|24189255811081|HAS_MEMBER
2012-07-14T05:26:18.111Z|1030792151376|24189255811081|HAS_MEMBER
2012-04-12T18:59:55.931Z|893353197908|24189255811081|HAS_MEMBER
2012-08-26T01:32:48.647Z|1030792151381|24189255811081|HAS_MEMBER
2012-04-14T21:49:20.257Z|893353197911|24189255811081|HAS_MEMBER
2012-01-04T15:08:45.516Z|755914244440|24189255811081|HAS_MEMBER
2011-12-29T07:56:49.032Z|755914244442|24189255811081|HAS_MEMBER
2011-06-24T02:40:30.246Z|377|2199023255594|HAS_MEMBER
2012-08-18T04:04:58.360Z|377|13194139533352|HAS_MEMBER
2012-02-09T11:13:28.460Z|377|26388279066658|HAS_MEMBER
2012-06-18T11:16:33.809Z|962072674682|13194139533352|HAS_MEMBER
2012-06-18T11:16:33.809Z|962072674682|17592186044461|HAS_MEMBER
2012-06-18T11:16:33.809Z|962072674682|26388279066658|HAS_MEMBER
2010-12-09T00:25:18.578Z|343597384059|2199023255594|HAS_MEMBER
2011-02-19T10:23:10.379Z|343597384059|13194139533352|HAS_MEMBER
2011-05-11T19:46:57.595Z|343597384059|17592186044461|HAS_MEMBER
2012-01-16T00:09:50.120Z|343597384059|26388279066658|HAS_MEMBER
2010-12-08T11:41:31.404Z|343597384060|2199023255594|HAS_MEMBER
2011-02-19T10:23:10.379Z|343597384060|13194139533352|HAS_MEMBER
2011-05-11T19:46:57.595Z|343597384060|17592186044461|HAS_MEMBER
2012-01-16T00:09:50.120Z|343597384060|26388279066658|HAS_MEMBER
2012-01-16T00:09:50.120Z|549755814269|26388279066658|HAS_MEMBER
2011-02-20T12:24:13.307Z|412316860798|2199023255594|HAS_MEMBER
2011-02-20T12:24:13.307Z|412316860798|13194139533352|HAS_MEMBER
2012-01-16T00:09:50.120Z|412316860798|26388279066658|HAS_MEMBER
2012-05-13T17:31:55.264Z|962072674687|2199023255594|HAS_MEMBER
2012-05-13T17:31:55.264Z|962072674687|13194139533352|HAS_MEMBER
2012-05-13T17:31:55.264Z|962072674687|17592186044461|HAS_MEMBER
2012-05-13T17:31:55.264Z|962072674687|26388279066658|HAS_MEMBER
2011-03-10T02:08:13.883Z|481036337536|2199023255594|HAS_MEMBER
2011-03-10T02:08:13.883Z|481036337536|13194139533352|HAS_MEMBER
2011-05-11T19:46:57.595Z|481036337536|17592186044461|HAS_MEMBER
2012-01-16T00:09:50.120Z|481036337536|26388279066658|HAS_MEMBER
2012-08-18T05:40:17.479Z|1030792151425|2199023255594|HAS_MEMBER
2012-08-18T05:40:17.479Z|1030792151425|26388279066658|HAS_MEMBER
2012-05-17T07:09:03.769Z|962072674690|13194139533352|HAS_MEMBER
2012-05-17T07:09:03.769Z|962072674690|17592186044461|HAS_MEMBER
2012-05-17T07:09:03.769Z|962072674690|26388279066658|HAS_MEMBER
2011-09-05T15:26:22.247Z|618475291011|17592186044461|HAS_MEMBER
2012-01-16T00:09:50.120Z|618475291011|26388279066658|HAS_MEMBER
2012-08-17T02:28:36.199Z|1030792151428|2199023255594|HAS_MEMBER
2012-08-17T02:28:36.199Z|1030792151428|13194139533352|HAS_MEMBER
2012-08-17T02:28:36.199Z|1030792151428|17592186044461|HAS_MEMBER
2012-08-17T02:28:36.199Z|1030792151428|26388279066658|HAS_MEMBER
2010-04-25T15:12:28.389Z|68719477125|2199023255594|HAS_MEMBER
2011-02-19T10:23:10.379Z|68719477125|13194139533352|HAS_MEMBER
2011-05-11T19:46:57.595Z|68719477125|17592186044461|HAS_MEMBER
2010-11-20T08:44:28.520Z|343597384070|2199023255594|HAS_MEMBER
2011-02-19T10:23:10.379Z|343597384070|13194139533352|HAS_MEMBER
2011-05-11T19:46:57.595Z|343597384070|17592186044461|HAS_MEMBER
2012-01-16T00:09:50.120Z|343597384070|26388279066658|HAS_MEMBER
2012-08-16T02:20:38.986Z|1030792151431|2199023255594|HAS_MEMBER
2012-08-16T02:20:38.986Z|1030792151431|26388279066658|HAS_MEMBER
2011-10-01T06:03:03.337Z|687194767752|2199023255594|HAS_MEMBER
2011-10-01T06:03:03.337Z|687194767752|13194139533352|HAS_MEMBER
2011-10-01T06:03:03.337Z|687194767752|17592186044461|HAS_MEMBER
2012-01-16T00:09:50.120Z|687194767752|26388279066658|HAS_MEMBER
2011-08-22T02:45:49.516Z|618475291017|2199023255594|HAS_MEMBER
2011-08-22T02:45:49.516Z|618475291017|13194139533352|HAS_MEMBER
2011-08-22T02:45:49.516Z|618475291017|17592186044461|HAS_MEMBER
2012-01-16T00:09:50.120Z|618475291017|26388279066658|HAS_MEMBER
2011-01-17T18:38:50.362Z|412316860810|2199023255594|HAS_MEMBER
2011-02-19T10:23:10.379Z|412316860810|13194139533352|HAS_MEMBER
2012-01-16T00:09:50.120Z|412316860810|26388279066658|HAS_MEMBER
2011-02-21T11:10:27.954Z|412316860811|2199023255594|HAS_MEMBER
2011-02-21T11:10:27.954Z|412316860811|13194139533352|HAS_MEMBER
2011-05-11T19:46:57.595Z|412316860811|17592186044461|HAS_MEMBER
2011-02-19T10:23:10.379Z|274877907340|13194139533352|HAS_MEMBER
2011-05-11T19:46:57.595Z|274877907340|17592186044461|HAS_MEMBER
2012-01-16T00:09:50.120Z|274877907340|26388279066658|HAS_MEMBER
2012-01-01T14:24:07.925Z|755914244493|2199023255594|HAS_MEMBER
2012-01-01T14:24:07.925Z|755914244493|13194139533352|HAS_MEMBER
2012-01-01T14:24:07.925Z|755914244493|17592186044461|HAS_MEMBER
2012-06-01T13:07:22.060Z|962072674702|2199023255594|HAS_MEMBER
2012-06-01T13:07:22.060Z|962072674702|17592186044461|HAS_MEMBER
2012-06-01T13:07:22.060Z|962072674702|26388279066658|HAS_MEMBER
2011-04-17T21:42:25.008Z|481036337551|2199023255594|HAS_MEMBER
2011-04-17T21:42:25.008Z|481036337551|13194139533352|HAS_MEMBER
2011-05-11T19:46:57.595Z|481036337551|17592186044461|HAS_MEMBER
2012-01-16T00:09:50.120Z|481036337551|26388279066658|HAS_MEMBER
2012-04-20T19:39:46.479Z|893353197969|2199023255594|HAS_MEMBER
2012-04-20T19:39:46.479Z|893353197969|17592186044461|HAS_MEMBER
2012-04-20T19:39:46.479Z|893353197969|26388279066658|HAS_MEMBER
2012-08-04T11:16:05.514Z|1030792151442|13194139533352|HAS_MEMBER
2012-08-04T11:16:05.514Z|1030792151442|17592186044461|HAS_MEMBER
2012-07-29T16:31:44.245Z|1030792151443|2199023255594|HAS_MEMBER
2012-07-29T16:31:44.245Z|1030792151443|13194139533352|HAS_MEMBER
2012-07-29T16:31:44.245Z|1030792151443|26388279066658|HAS_MEMBER
2011-05-11T19:46:57.595Z|68719477140|17592186044461|HAS_MEMBER
2012-01-16T00:09:50.120Z|68719477140|26388279066658|HAS_MEMBER
2010-03-21T12:25:52.685Z|405|2199023255594|HAS_MEMBER
2011-02-19T10:23:10.379Z|405|13194139533352|HAS_MEMBER
2011-05-11T19:46:57.595Z|405|17592186044461|HAS_MEMBER
2012-07-11T15:08:01.534Z|1030792151446|2199023255594|HAS_MEMBER
2012-07-11T15:08:01.534Z|1030792151446|13194139533352|HAS_MEMBER
2012-07-11T15:08:01.534Z|1030792151446|17592186044461|HAS_MEMBER
2010-04-16T05:47:40.801Z|68719477143|2199023255594|HAS_MEMBER
2011-05-11T19:46:57.595Z|68719477143|17592186044461|HAS_MEMBER
2012-01-16T00:09:50.120Z|68719477144|26388279066658|HAS_MEMBER
2011-07-23T05:40:26.858Z|618475291034|2199023255594|HAS_MEMBER
2012-01-16T00:09:50.120Z|618475291034|26388279066658|HAS_MEMBER
2011-06-01T22:51:30.484Z|549755814300|2199023255594|HAS_MEMBER
2011-06-01T22:51:30.484Z|549755814300|13194139533352|HAS_MEMBER
2011-06-01T22:51:30.484Z|549755814300|17592186044461|HAS_MEMBER
2012-05-28T08:51:11.447Z|824633721247|10995116277761|HAS_MEMBER
2012-07-24T11:59:00.667Z|824633721247|28587302322204|HAS_MEMBER
2012-08-19T14:25:02.554Z|824633721247|16|HAS_MEMBER
2012-09-11T06:16:35.124Z|824633721247|32985348833329|HAS_MEMBER
2012-03-07T23:02:44.876Z|824633721247|13194139533342|HAS_MEMBER
2012-03-06T11:15:54.585Z|824633721247|2199023255594|HAS_MEMBER
2012-05-05T17:24:50.635Z|824633721247|10995116277783|HAS_MEMBER
2012-05-08T11:04:49.265Z|824633721247|13194139533355|HAS_MEMBER
2012-05-10T05:37:21.033Z|824633721247|14|HAS_MEMBER
2012-06-22T00:14:36.686Z|824633721247|26388279066668|HAS_MEMBER
2012-02-10T03:00:59.426Z|824633721247|13194139533352|HAS_MEMBER
2012-05-18T15:43:04.836Z|824633721247|28587302322223|HAS_MEMBER
2012-02-12T09:31:46.706Z|824633721247|26388279066632|HAS_MEMBER
2012-08-22T14:17:54.471Z|824633721247|30786325577731|HAS_MEMBER
2012-06-12T15:56:05.999Z|824633721247|28587302322180|HAS_MEMBER
2012-06-17T15:55:09.062Z|824633721247|26388279066658|HAS_MEMBER
2012-09-03T01:42:20.187Z|824633721247|10995116277782|HAS_MEMBER
2012-02-27T15:55:30.868Z|824633721247|21990232555527|HAS_MEMBER
2012-09-01T10:55:48.177Z|824633721247|30786325577740|HAS_MEMBER
2012-04-18T13:26:14.835Z|824633721247|19791209299987|HAS_MEMBER
2012-02-26T14:14:08.095Z|824633721247|32|HAS_MEMBER
2012-07-08T13:16:52.625Z|824633721247|28587302322209|HAS_MEMBER
2012-05-08T20:36:49.421Z|824633721247|21990232555526|HAS_MEMBER
2012-05-03T04:42:54.570Z|824633721247|8796093022244|HAS_MEMBER
2012-03-21T17:31:13.505Z|824633721247|6597069766702|HAS_MEMBER
2012-05-19T15:08:46.496Z|824633721247|8796093022237|HAS_MEMBER
2012-02-10T10:24:19.106Z|824633721247|2199023255557|HAS_MEMBER
2012-05-25T09:29:49.061Z|824633721247|28587302322196|HAS_MEMBER
2012-08-19T16:04:29.666Z|824633721247|15393162788877|HAS_MEMBER
2011-12-29T07:56:49.032Z|687194767778|24189255811081|HAS_MEMBER
2012-03-16T12:54:47.473Z|893353197989|24189255811081|HAS_MEMBER
2011-12-29T07:56:49.032Z|687194767783|24189255811081|HAS_MEMBER
2011-12-29T07:56:49.032Z|755914244524|24189255811081|HAS_MEMBER
2011-12-29T07:56:49.032Z|687194767790|24189255811081|HAS_MEMBER
2011-12-29T07:56:49.032Z|755914244527|24189255811081|HAS_MEMBER
2012-04-26T09:39:50.025Z|893353198002|24189255811081|HAS_MEMBER
2012-06-05T04:39:21.423Z|893353198003|2199023255594|HAS_MEMBER
2012-07-14T05:38:51.120Z|893353198003|13194139533352|HAS_MEMBER
2012-08-03T15:36:22.077Z|893353198003|24189255811081|HAS_MEMBER
2012-06-20T00:36:40.767Z|893353198003|26388279066658|HAS_MEMBER
2012-04-18T04:25:26.910Z|893353198004|2199023255594|HAS_MEMBER
2012-04-18T04:25:26.910Z|893353198004|13194139533352|HAS_MEMBER
2012-04-18T04:25:26.910Z|893353198004|24189255811081|HAS_MEMBER
2012-04-18T04:25:26.910Z|893353198004|26388279066658|HAS_MEMBER
2012-07-14T22:08:41.769Z|1030792151477|24189255811081|HAS_MEMBER
2012-03-14T21:44:35.476Z|893353198006|13194139533352|HAS_MEMBER
2012-03-14T21:44:35.476Z|893353198006|24189255811081|HAS_MEMBER
2012-03-14T21:44:35.476Z|893353198006|26388279066658|HAS_MEMBER
2012-08-05T18:32:45.920Z|1030792151482|2199023255594|HAS_MEMBER
2012-08-05T18:32:45.920Z|1030792151482|13194139533352|HAS_MEMBER
2012-05-19T17:59:04.367Z|962072674748|24189255811081|HAS_MEMBER
2012-05-19T17:59:04.367Z|962072674748|26388279066658|HAS_MEMBER
2012-06-29T17:45:44.905Z|893353198013|16|HAS_MEMBER
2012-08-25T19:45:47.111Z|893353198013|10995116277782|HAS_MEMBER
2012-05-14T01:43:43.791Z|893353198013|13194139533352|HAS_MEMBER
2012-08-18T07:57:24.510Z|893353198013|26388279066632|HAS_MEMBER
2012-08-23T05:27:50.596Z|893353198013|28587302322180|HAS_MEMBER
2012-05-15T20:50:14.481Z|962072674750|16|HAS_MEMBER
2012-05-15T20:50:14.481Z|962072674750|26388279066632|HAS_MEMBER
2012-05-15T20:50:14.481Z|962072674750|26388279066641|HAS_MEMBER
2012-05-15T20:50:14.481Z|962072674750|28587302322180|HAS_MEMBER
2012-05-12T19:45:23.127Z|962072674751|16|HAS_MEMBER
2012-05-12T19:45:23.127Z|962072674751|10995116277782|HAS_MEMBER
2012-05-12T19:45:23.127Z|962072674751|13194139533352|HAS_MEMBER
2012-05-12T19:45:23.127Z|962072674751|26388279066632|HAS_MEMBER
2012-05-12T19:45:23.127Z|962072674751|26388279066641|HAS_MEMBER
2012-05-12T19:45:23.127Z|962072674751|26388279066668|HAS_MEMBER
2012-05-03T22:32:31.858Z|893353198016|10995116277782|HAS_MEMBER
2012-05-03T22:32:31.858Z|893353198016|13194139533352|HAS_MEMBER
2012-05-03T22:32:31.858Z|893353198016|26388279066641|HAS_MEMBER
2012-05-03T22:32:31.858Z|893353198016|28587302322180|HAS_MEMBER
2012-07-01T16:58:57.377Z|962072674753|13194139533352|HAS_MEMBER
2012-07-01T16:58:57.377Z|962072674753|26388279066632|HAS_MEMBER
2012-07-01T16:58:57.377Z|962072674753|26388279066641|HAS_MEMBER
2012-07-01T16:58:57.377Z|962072674753|26388279066668|HAS_MEMBER
2012-07-01T16:58:57.377Z|962072674753|28587302322180|HAS_MEMBER
2012-07-27T09:28:15.087Z|1030792151490|16|HAS_MEMBER
2012-07-27T09:28:15.087Z|1030792151490|10995116277782|HAS_MEMBER
2012-07-27T09:28:15.087Z|1030792151490|13194139533352|HAS_MEMBER
2012-07-27T09:28:15.087Z|1030792151490|26388279066641|HAS_MEMBER
2012-05-16T21:19:46.685Z|962072674755|16|HAS_MEMBER
2012-05-16T21:19:46.685Z|962072674755|10995116277782|HAS_MEMBER
2012-05-16T21:19:46.685Z|962072674755|13194139533352|HAS_MEMBER
2012-05-16T21:19:46.685Z|962072674755|26388279066632|HAS_MEMBER
2012-05-16T21:19:46.685Z|962072674755|26388279066668|HAS_MEMBER
2012-07-22T23:34:40.718Z|1030792151492|10995116277782|HAS_MEMBER
2012-07-22T23:34:40.718Z|1030792151492|13194139533352|HAS_MEMBER
2012-07-22T23:34:40.718Z|1030792151492|26388279066632|HAS_MEMBER
2012-07-22T23:34:40.718Z|1030792151492|26388279066641|HAS_MEMBER
2012-07-22T23:34:40.718Z|1030792151492|26388279066668|HAS_MEMBER
2012-07-22T23:34:40.718Z|1030792151492|28587302322180|HAS_MEMBER
2012-05-19T11:26:43.554Z|962072674757|16|HAS_MEMBER
2012-05-19T11:26:43.554Z|962072674757|10995116277782|HAS_MEMBER
2012-05-19T11:26:43.554Z|962072674757|13194139533352|HAS_MEMBER
2012-05-19T11:26:43.554Z|962072674757|26388279066632|HAS_MEMBER
2012-05-19T11:26:43.554Z|962072674757|26388279066668|HAS_MEMBER
2012-05-19T11:26:43.554Z|962072674757|28587302322180|HAS_MEMBER
2012-07-08T08:27:22.264Z|454|24189255811081|HAS_MEMBER
2012-02-17T23:16:54.688Z|343597384135|26388279066658|HAS_MEMBER
2012-07-18T04:25:29.221Z|343597384135|28587302322180|HAS_MEMBER
2012-08-25T19:45:47.111Z|343597384135|28587302322204|HAS_MEMBER
2012-01-12T23:55:12.878Z|549755814344|26388279066641|HAS_MEMBER
2012-01-16T00:09:50.120Z|549755814344|26388279066658|HAS_MEMBER
2012-04-08T11:48:04.301Z|549755814344|28587302322204|HAS_MEMBER
2012-04-10T06:09:37.707Z|893353198026|26388279066641|HAS_MEMBER
2012-04-10T06:09:37.707Z|893353198026|28587302322180|HAS_MEMBER
2012-01-25T04:27:13.976Z|824633721292|14|HAS_MEMBER
2012-01-25T04:27:13.976Z|824633721292|26388279066641|HAS_MEMBER
2012-03-30T10:11:22.788Z|824633721292|28587302322180|HAS_MEMBER
2012-04-08T11:48:04.301Z|824633721292|28587302322204|HAS_MEMBER
2012-05-21T11:09:44.103Z|962072674766|14|HAS_MEMBER
2012-05-21T11:09:44.103Z|962072674766|26388279066641|HAS_MEMBER
2012-03-06T20:47:28.915Z|824633721295|26388279066658|HAS_MEMBER
2012-03-30T10:11:22.788Z|824633721295|28587302322180|HAS_MEMBER
2012-01-12T23:55:12.878Z|618475291088|26388279066641|HAS_MEMBER
2012-05-02T09:04:40.186Z|893353198033|14|HAS_MEMBER
2012-05-02T09:04:40.186Z|893353198033|26388279066641|HAS_MEMBER
2012-05-02T09:04:40.186Z|893353198033|28587302322204|HAS_MEMBER
2012-02-12T23:42:52.101Z|824633721298|14|HAS_MEMBER
2012-02-12T23:42:52.101Z|824633721298|26388279066641|HAS_MEMBER
2012-04-08T11:48:04.301Z|824633721298|28587302322204|HAS_MEMBER
2011-06-27T01:33:10.767Z|549755814355|14|HAS_MEMBER
2012-03-30T10:11:22.788Z|549755814355|28587302322180|HAS_MEMBER
2012-04-08T11:48:04.301Z|549755814355|28587302322204|HAS_MEMBER
2012-05-03T02:29:52.175Z|893353198036|14|HAS_MEMBER
2012-05-03T02:29:52.175Z|893353198036|26388279066641|HAS_MEMBER
2012-05-03T02:29:52.175Z|893353198036|28587302322180|HAS_MEMBER
2012-05-03T02:29:52.175Z|893353198036|28587302322204|HAS_MEMBER
2012-01-12T23:55:12.878Z|412316860885|26388279066641|HAS_MEMBER
2012-04-08T11:48:04.301Z|412316860885|28587302322204|HAS_MEMBER
2012-01-19T12:25:16.073Z|824633721302|26388279066658|HAS_MEMBER
2012-03-30T10:11:22.788Z|824633721302|28587302322180|HAS_MEMBER
2012-04-08T11:48:04.301Z|824633721302|28587302322204|HAS_MEMBER
2011-08-05T17:21:43.515Z|618475291097|14|HAS_MEMBER
2012-01-16T00:09:50.120Z|618475291097|26388279066658|HAS_MEMBER
2012-04-08T11:48:04.301Z|618475291097|28587302322204|HAS_MEMBER
2012-04-16T14:48:32.680Z|893353198042|26388279066641|HAS_MEMBER
2012-04-16T14:48:32.680Z|893353198042|26388279066658|HAS_MEMBER
2012-04-16T14:48:32.680Z|893353198042|28587302322180|HAS_MEMBER
2012-04-16T14:48:32.680Z|893353198042|28587302322204|HAS_MEMBER
2012-04-19T21:27:49.269Z|893353198043|26388279066658|HAS_MEMBER
2012-04-19T21:27:49.269Z|893353198043|28587302322180|HAS_MEMBER
2011-04-27T00:08:42.439Z|481036337628|14|HAS_MEMBER
2012-01-12T23:55:12.878Z|481036337628|26388279066641|HAS_MEMBER
2012-01-16T00:09:50.120Z|481036337628|26388279066658|HAS_MEMBER
2012-03-30T10:11:22.788Z|481036337628|28587302322180|HAS_MEMBER
2012-04-08T11:48:04.301Z|481036337628|28587302322204|HAS_MEMBER
2011-03-01T14:15:38.997Z|412316860893|14|HAS_MEMBER
2012-01-12T23:55:12.878Z|412316860893|26388279066641|HAS_MEMBER
2012-01-16T00:09:50.120Z|412316860893|26388279066658|HAS_MEMBER
2012-03-30T10:11:22.788Z|412316860893|28587302322180|HAS_MEMBER
2012-04-08T11:48:04.301Z|412316860893|28587302322204|HAS_MEMBER
2012-02-15T04:50:34.988Z|824633721310|14|HAS_MEMBER
2012-03-30T10:11:22.788Z|824633721310|28587302322180|HAS_MEMBER
2012-03-23T09:38:50.539Z|893353198047|14|HAS_MEMBER
2012-03-23T09:38:50.539Z|893353198047|26388279066641|HAS_MEMBER
2012-03-23T09:38:50.539Z|893353198047|26388279066658|HAS_MEMBER
2012-03-30T10:11:22.788Z|893353198047|28587302322180|HAS_MEMBER
2012-04-08T11:48:04.301Z|893353198047|28587302322204|HAS_MEMBER
2012-06-21T05:46:14.882Z|824633721312|2199023255594|HAS_MEMBER
2012-07-01T08:10:02.719Z|824633721312|24189255811081|HAS_MEMBER
2012-04-25T09:34:29.949Z|824633721312|28587302322180|HAS_MEMBER
2012-08-19T00:19:31.283Z|962072674785|2199023255594|HAS_MEMBER
2012-06-26T13:31:17.084Z|962072674785|26388279066658|HAS_MEMBER
