creationDate|Person.id|Tag.id|type
2011-02-28T08:13:29.086Z|13194139533342|284|HAS_INTEREST
2011-02-28T08:13:29.086Z|13194139533342|785|HAS_INTEREST
2011-02-28T08:13:29.086Z|13194139533342|1375|HAS_INTEREST
2011-02-28T08:13:29.086Z|13194139533342|1991|HAS_INTEREST
2011-02-28T08:13:29.086Z|13194139533342|2007|HAS_INTEREST
2011-02-28T08:13:29.086Z|13194139533342|2782|HAS_INTEREST
2011-02-28T08:13:29.086Z|13194139533342|2806|HAS_INTEREST
2011-02-28T08:13:29.086Z|13194139533342|2809|HAS_INTEREST
2011-02-28T08:13:29.086Z|13194139533342|2814|HAS_INTEREST
2011-02-28T08:13:29.086Z|13194139533342|2825|HAS_INTEREST
2011-02-28T08:13:29.086Z|13194139533342|2848|HAS_INTEREST
2011-02-28T08:13:29.086Z|13194139533342|2869|HAS_INTEREST
2011-02-28T08:13:29.086Z|13194139533342|2884|HAS_INTEREST
2011-02-28T08:13:29.086Z|13194139533342|2899|HAS_INTEREST
2011-02-28T08:13:29.086Z|13194139533342|2951|HAS_INTEREST
2011-02-28T08:13:29.086Z|13194139533342|2979|HAS_INTEREST
2011-02-28T08:13:29.086Z|13194139533342|2987|HAS_INTEREST
2011-02-28T08:13:29.086Z|13194139533342|2989|HAS_INTEREST
2011-02-28T08:13:29.086Z|13194139533342|3018|HAS_INTEREST
2011-02-28T08:13:29.086Z|13194139533342|3036|HAS_INTEREST
2011-02-28T08:13:29.086Z|13194139533342|3069|HAS_INTEREST
2011-02-28T08:13:29.086Z|13194139533342|3089|HAS_INTEREST
2011-02-28T08:13:29.086Z|13194139533342|3103|HAS_INTEREST
2011-02-28T08:13:29.086Z|13194139533342|3108|HAS_INTEREST
2011-02-28T08:13:29.086Z|13194139533342|5178|HAS_INTEREST
2011-02-28T08:13:29.086Z|13194139533342|5417|HAS_INTEREST
2011-02-28T08:13:29.086Z|13194139533342|5456|HAS_INTEREST
2011-02-28T08:13:29.086Z|13194139533342|5598|HAS_INTEREST
2011-02-28T08:13:29.086Z|13194139533342|5673|HAS_INTEREST
2011-02-28T08:13:29.086Z|13194139533342|5766|HAS_INTEREST
2011-02-28T08:13:29.086Z|13194139533342|5794|HAS_INTEREST
2011-02-28T08:13:29.086Z|13194139533342|5886|HAS_INTEREST
2011-02-28T08:13:29.086Z|13194139533342|5947|HAS_INTEREST
2011-02-28T08:13:29.086Z|13194139533342|6050|HAS_INTEREST
2011-02-28T08:13:29.086Z|13194139533342|6361|HAS_INTEREST
2011-02-28T08:13:29.086Z|13194139533342|6363|HAS_INTEREST
2011-02-28T08:13:29.086Z|13194139533342|6440|HAS_INTEREST
2011-02-28T08:13:29.086Z|13194139533342|6740|HAS_INTEREST
2011-02-28T08:13:29.086Z|13194139533342|6817|HAS_INTEREST
2011-02-28T08:13:29.086Z|13194139533342|6931|HAS_INTEREST
2011-02-28T08:13:29.086Z|13194139533342|6952|HAS_INTEREST
2011-02-28T08:13:29.086Z|13194139533342|6962|HAS_INTEREST
2011-02-28T08:13:29.086Z|13194139533342|7486|HAS_INTEREST
2011-02-28T08:13:29.086Z|13194139533342|7512|HAS_INTEREST
2011-02-28T08:13:29.086Z|13194139533342|7522|HAS_INTEREST
2011-02-28T08:13:29.086Z|13194139533342|7572|HAS_INTEREST
2011-02-28T08:13:29.086Z|13194139533342|8135|HAS_INTEREST
2011-02-28T08:13:29.086Z|13194139533342|8138|HAS_INTEREST
2011-02-28T08:13:29.086Z|13194139533342|8298|HAS_INTEREST
2011-02-28T08:13:29.086Z|13194139533342|8342|HAS_INTEREST
2011-02-28T08:13:29.086Z|13194139533342|9203|HAS_INTEREST
2011-02-28T08:13:29.086Z|13194139533342|9433|HAS_INTEREST
2011-02-28T08:13:29.086Z|13194139533342|10241|HAS_INTEREST
2011-02-28T08:13:29.086Z|13194139533342|11235|HAS_INTEREST
2011-02-28T08:13:29.086Z|13194139533342|11236|HAS_INTEREST
2011-02-28T08:13:29.086Z|13194139533342|11919|HAS_INTEREST
2011-02-28T08:13:29.086Z|13194139533342|12444|HAS_INTEREST
2011-02-28T08:13:29.086Z|13194139533342|12646|HAS_INTEREST
2011-02-28T08:13:29.086Z|13194139533342|12976|HAS_INTEREST
2011-02-28T08:13:29.086Z|13194139533342|13163|HAS_INTEREST
2011-02-28T08:13:29.086Z|13194139533342|13775|HAS_INTEREST
2011-02-28T08:13:29.086Z|13194139533342|14353|HAS_INTEREST
2011-02-28T08:13:29.086Z|13194139533342|15036|HAS_INTEREST
2011-07-26T21:41:34.142Z|19791209299968|410|HAS_INTEREST
2012-03-30T10:11:12.788Z|28587302322180|139|HAS_INTEREST
2012-03-30T10:11:12.788Z|28587302322180|294|HAS_INTEREST
2012-03-30T10:11:12.788Z|28587302322180|458|HAS_INTEREST
2012-03-30T10:11:12.788Z|28587302322180|572|HAS_INTEREST
2012-03-30T10:11:12.788Z|28587302322180|590|HAS_INTEREST
2012-03-30T10:11:12.788Z|28587302322180|788|HAS_INTEREST
2012-03-30T10:11:12.788Z|28587302322180|974|HAS_INTEREST
2012-03-30T10:11:12.788Z|28587302322180|1184|HAS_INTEREST
2012-03-30T10:11:12.788Z|28587302322180|1401|HAS_INTEREST
2012-03-30T10:11:12.788Z|28587302322180|1680|HAS_INTEREST
2012-03-30T10:11:12.788Z|28587302322180|1984|HAS_INTEREST
2012-03-30T10:11:12.788Z|28587302322180|1985|HAS_INTEREST
2012-03-30T10:11:12.788Z|28587302322180|1991|HAS_INTEREST
2012-03-30T10:11:12.788Z|28587302322180|1992|HAS_INTEREST
2012-03-30T10:11:12.788Z|28587302322180|1994|HAS_INTEREST
2012-03-30T10:11:12.788Z|28587302322180|2006|HAS_INTEREST
2012-03-30T10:11:12.788Z|28587302322180|2017|HAS_INTEREST
2012-03-30T10:11:12.788Z|28587302322180|2023|HAS_INTEREST
2012-03-30T10:11:12.788Z|28587302322180|2052|HAS_INTEREST
2012-03-30T10:11:12.788Z|28587302322180|2056|HAS_INTEREST
2012-03-30T10:11:12.788Z|28587302322180|2058|HAS_INTEREST
2012-03-30T10:11:12.788Z|28587302322180|2078|HAS_INTEREST
2012-03-30T10:11:12.788Z|28587302322180|2777|HAS_INTEREST
2012-03-30T10:11:12.788Z|28587302322180|2783|HAS_INTEREST
2012-03-30T10:11:12.788Z|28587302322180|2788|HAS_INTEREST
2012-03-30T10:11:12.788Z|28587302322180|2796|HAS_INTEREST
2012-03-30T10:11:12.788Z|28587302322180|2797|HAS_INTEREST
2012-03-30T10:11:12.788Z|28587302322180|2812|HAS_INTEREST
2012-03-30T10:11:12.788Z|28587302322180|2827|HAS_INTEREST
2012-03-30T10:11:12.788Z|28587302322180|2836|HAS_INTEREST
2012-03-30T10:11:12.788Z|28587302322180|2845|HAS_INTEREST
2012-03-30T10:11:12.788Z|28587302322180|2859|HAS_INTEREST
2012-03-30T10:11:12.788Z|28587302322180|2872|HAS_INTEREST
2012-03-30T10:11:12.788Z|28587302322180|2880|HAS_INTEREST
2012-03-30T10:11:12.788Z|28587302322180|2929|HAS_INTEREST
2012-03-30T10:11:12.788Z|28587302322180|2943|HAS_INTEREST
2012-03-30T10:11:12.788Z|28587302322180|2976|HAS_INTEREST
2012-03-30T10:11:12.788Z|28587302322180|3011|HAS_INTEREST
2012-03-30T10:11:12.788Z|28587302322180|3022|HAS_INTEREST
2012-03-30T10:11:12.788Z|28587302322180|3064|HAS_INTEREST
2012-03-30T10:11:12.788Z|28587302322180|3087|HAS_INTEREST
2012-03-30T10:11:12.788Z|28587302322180|5163|HAS_INTEREST
2012-03-30T10:11:12.788Z|28587302322180|5170|HAS_INTEREST
2012-03-30T10:11:12.788Z|28587302322180|5193|HAS_INTEREST
2012-03-30T10:11:12.788Z|28587302322180|5699|HAS_INTEREST
2012-03-30T10:11:12.788Z|28587302322180|6405|HAS_INTEREST
2012-03-30T10:11:12.788Z|28587302322180|6993|HAS_INTEREST
2012-03-30T10:11:12.788Z|28587302322180|6999|HAS_INTEREST
2012-03-30T10:11:12.788Z|28587302322180|7001|HAS_INTEREST
2012-03-30T10:11:12.788Z|28587302322180|7010|HAS_INTEREST
2012-03-30T10:11:12.788Z|28587302322180|7522|HAS_INTEREST
2012-03-30T10:11:12.788Z|28587302322180|7526|HAS_INTEREST
2012-03-30T10:11:12.788Z|28587302322180|7564|HAS_INTEREST
2012-03-30T10:11:12.788Z|28587302322180|7570|HAS_INTEREST
2012-03-30T10:11:12.788Z|28587302322180|9479|HAS_INTEREST
2012-03-30T10:11:12.788Z|28587302322180|9496|HAS_INTEREST
2012-03-30T10:11:12.788Z|28587302322180|9760|HAS_INTEREST
2012-03-30T10:11:12.788Z|28587302322180|9939|HAS_INTEREST
2012-03-30T10:11:12.788Z|28587302322180|10080|HAS_INTEREST
2012-03-30T10:11:12.788Z|28587302322180|10322|HAS_INTEREST
2012-03-30T10:11:12.788Z|28587302322180|10991|HAS_INTEREST
2012-03-30T10:11:12.788Z|28587302322180|11408|HAS_INTEREST
2012-03-30T10:11:12.788Z|28587302322180|11557|HAS_INTEREST
2012-03-30T10:11:12.788Z|28587302322180|11609|HAS_INTEREST
2012-03-30T10:11:12.788Z|28587302322180|12273|HAS_INTEREST
2012-04-08T11:47:54.301Z|28587302322204|6|HAS_INTEREST
2012-04-08T11:47:54.301Z|28587302322204|588|HAS_INTEREST
2012-04-08T11:47:54.301Z|28587302322204|1021|HAS_INTEREST
2012-04-08T11:47:54.301Z|28587302322204|1767|HAS_INTEREST
2012-04-08T11:47:54.301Z|28587302322204|1940|HAS_INTEREST
2012-04-08T11:47:54.301Z|28587302322204|1995|HAS_INTEREST
2012-04-08T11:47:54.301Z|28587302322204|2018|HAS_INTEREST
2012-04-08T11:47:54.301Z|28587302322204|5174|HAS_INTEREST
2012-04-08T11:47:54.301Z|28587302322204|6413|HAS_INTEREST
2012-04-08T11:47:54.301Z|28587302322204|7328|HAS_INTEREST
2012-04-08T11:47:54.301Z|28587302322204|9170|HAS_INTEREST
2012-04-08T11:47:54.301Z|28587302322204|11695|HAS_INTEREST
2012-04-08T11:47:54.301Z|28587302322204|12002|HAS_INTEREST
2010-10-28T05:49:29.470Z|8796093022237|6|HAS_INTEREST
2010-10-28T05:49:29.470Z|8796093022237|206|HAS_INTEREST
2010-10-28T05:49:29.470Z|8796093022237|583|HAS_INTEREST
2010-10-28T05:49:29.470Z|8796093022237|1173|HAS_INTEREST
2010-10-28T05:49:29.470Z|8796093022237|1180|HAS_INTEREST
2010-10-28T05:49:29.470Z|8796093022237|1185|HAS_INTEREST
2010-10-28T05:49:29.470Z|8796093022237|1206|HAS_INTEREST
2010-10-28T05:49:29.470Z|8796093022237|1910|HAS_INTEREST
2010-10-28T05:49:29.470Z|8796093022237|1984|HAS_INTEREST
2010-10-28T05:49:29.470Z|8796093022237|1987|HAS_INTEREST
2010-10-28T05:49:29.470Z|8796093022237|1989|HAS_INTEREST
2010-10-28T05:49:29.470Z|8796093022237|2023|HAS_INTEREST
2010-10-28T05:49:29.470Z|8796093022237|9058|HAS_INTEREST
2010-10-28T05:49:29.470Z|8796093022237|9102|HAS_INTEREST
2010-10-28T05:49:29.470Z|8796093022237|9188|HAS_INTEREST
2010-10-28T05:49:29.470Z|8796093022237|11247|HAS_INTEREST
2010-10-28T05:49:29.470Z|8796093022237|11377|HAS_INTEREST
2011-12-29T07:56:39.032Z|24189255811081|132|HAS_INTEREST
2011-12-29T07:56:39.032Z|24189255811081|140|HAS_INTEREST
2011-12-29T07:56:39.032Z|24189255811081|295|HAS_INTEREST
2011-12-29T07:56:39.032Z|24189255811081|573|HAS_INTEREST
2011-12-29T07:56:39.032Z|24189255811081|595|HAS_INTEREST
2011-12-29T07:56:39.032Z|24189255811081|596|HAS_INTEREST
2011-12-29T07:56:39.032Z|24189255811081|781|HAS_INTEREST
2011-12-29T07:56:39.032Z|24189255811081|798|HAS_INTEREST
2011-12-29T07:56:39.032Z|24189255811081|806|HAS_INTEREST
2011-12-29T07:56:39.032Z|24189255811081|1181|HAS_INTEREST
2011-12-29T07:56:39.032Z|24189255811081|1532|HAS_INTEREST
2011-12-29T07:56:39.032Z|24189255811081|1765|HAS_INTEREST
2011-12-29T07:56:39.032Z|24189255811081|1996|HAS_INTEREST
2011-12-29T07:56:39.032Z|24189255811081|2050|HAS_INTEREST
2011-12-29T07:56:39.032Z|24189255811081|2072|HAS_INTEREST
2011-12-29T07:56:39.032Z|24189255811081|2088|HAS_INTEREST
2011-12-29T07:56:39.032Z|24189255811081|2779|HAS_INTEREST
2011-12-29T07:56:39.032Z|24189255811081|2783|HAS_INTEREST
2011-12-29T07:56:39.032Z|24189255811081|2827|HAS_INTEREST
2011-12-29T07:56:39.032Z|24189255811081|2831|HAS_INTEREST
2011-12-29T07:56:39.032Z|24189255811081|2932|HAS_INTEREST
2011-12-29T07:56:39.032Z|24189255811081|2934|HAS_INTEREST
2011-12-29T07:56:39.032Z|24189255811081|2945|HAS_INTEREST
2011-12-29T07:56:39.032Z|24189255811081|2949|HAS_INTEREST
2011-12-29T07:56:39.032Z|24189255811081|2968|HAS_INTEREST
2011-12-29T07:56:39.032Z|24189255811081|3001|HAS_INTEREST
2011-12-29T07:56:39.032Z|24189255811081|3029|HAS_INTEREST
2011-12-29T07:56:39.032Z|24189255811081|3092|HAS_INTEREST
2011-12-29T07:56:39.032Z|24189255811081|4899|HAS_INTEREST
2011-12-29T07:56:39.032Z|24189255811081|4990|HAS_INTEREST
2011-12-29T07:56:39.032Z|24189255811081|5129|HAS_INTEREST
2011-12-29T07:56:39.032Z|24189255811081|6360|HAS_INTEREST
2011-12-29T07:56:39.032Z|24189255811081|6940|HAS_INTEREST
2011-12-29T07:56:39.032Z|24189255811081|7012|HAS_INTEREST
2011-12-29T07:56:39.032Z|24189255811081|7283|HAS_INTEREST
2011-12-29T07:56:39.032Z|24189255811081|7350|HAS_INTEREST
2011-12-29T07:56:39.032Z|24189255811081|9098|HAS_INTEREST
2011-12-29T07:56:39.032Z|24189255811081|10298|HAS_INTEREST
2011-12-29T07:56:39.032Z|24189255811081|10987|HAS_INTEREST
2011-12-29T07:56:39.032Z|24189255811081|11356|HAS_INTEREST
2011-12-29T07:56:39.032Z|24189255811081|11633|HAS_INTEREST
2011-12-29T07:56:39.032Z|24189255811081|11855|HAS_INTEREST
2012-07-03T00:55:16.938Z|30786325577731|196|HAS_INTEREST
2012-07-03T00:55:16.938Z|30786325577731|1031|HAS_INTEREST
2011-08-04T04:47:58.173Z|19791209299987|6|HAS_INTEREST
2011-08-04T04:47:58.173Z|19791209299987|294|HAS_INTEREST
2011-08-04T04:47:58.173Z|19791209299987|580|HAS_INTEREST
2011-08-04T04:47:58.173Z|19791209299987|591|HAS_INTEREST
2011-08-04T04:47:58.173Z|19791209299987|1504|HAS_INTEREST
2011-08-04T04:47:58.173Z|19791209299987|1546|HAS_INTEREST
2011-08-04T04:47:58.173Z|19791209299987|1617|HAS_INTEREST
2011-08-04T04:47:58.173Z|19791209299987|1679|HAS_INTEREST
2011-08-04T04:47:58.173Z|19791209299987|1764|HAS_INTEREST
2011-08-04T04:47:58.173Z|19791209299987|1954|HAS_INTEREST
2011-08-04T04:47:58.173Z|19791209299987|1997|HAS_INTEREST
2011-08-04T04:47:58.173Z|19791209299987|2008|HAS_INTEREST
2011-08-04T04:47:58.173Z|19791209299987|2014|HAS_INTEREST
2011-08-04T04:47:58.173Z|19791209299987|2033|HAS_INTEREST
2011-08-04T04:47:58.173Z|19791209299987|2778|HAS_INTEREST
2011-08-04T04:47:58.173Z|19791209299987|2795|HAS_INTEREST
2011-08-04T04:47:58.173Z|19791209299987|2798|HAS_INTEREST
2011-08-04T04:47:58.173Z|19791209299987|2814|HAS_INTEREST
2011-08-04T04:47:58.173Z|19791209299987|2831|HAS_INTEREST
2011-08-04T04:47:58.173Z|19791209299987|2836|HAS_INTEREST
2011-08-04T04:47:58.173Z|19791209299987|2845|HAS_INTEREST
2011-08-04T04:47:58.173Z|19791209299987|2880|HAS_INTEREST
2011-08-04T04:47:58.173Z|19791209299987|2885|HAS_INTEREST
2011-08-04T04:47:58.173Z|19791209299987|2886|HAS_INTEREST
2011-08-04T04:47:58.173Z|19791209299987|2894|HAS_INTEREST
2011-08-04T04:47:58.173Z|19791209299987|2900|HAS_INTEREST
2011-08-04T04:47:58.173Z|19791209299987|2928|HAS_INTEREST
2011-08-04T04:47:58.173Z|19791209299987|2957|HAS_INTEREST
2011-08-04T04:47:58.173Z|19791209299987|3054|HAS_INTEREST
2011-08-04T04:47:58.173Z|19791209299987|4870|HAS_INTEREST
2011-08-04T04:47:58.173Z|19791209299987|5119|HAS_INTEREST
2011-08-04T04:47:58.173Z|19791209299987|5133|HAS_INTEREST
2011-08-04T04:47:58.173Z|19791209299987|5158|HAS_INTEREST
2011-08-04T04:47:58.173Z|19791209299987|5163|HAS_INTEREST
2011-08-04T04:47:58.173Z|19791209299987|5191|HAS_INTEREST
2011-08-04T04:47:58.173Z|19791209299987|6367|HAS_INTEREST
2011-08-04T04:47:58.173Z|19791209299987|6961|HAS_INTEREST
2011-08-04T04:47:58.173Z|19791209299987|6980|HAS_INTEREST
2011-08-04T04:47:58.173Z|19791209299987|6999|HAS_INTEREST
2011-08-04T04:47:58.173Z|19791209299987|7582|HAS_INTEREST
2011-08-04T04:47:58.173Z|19791209299987|7603|HAS_INTEREST
2011-08-04T04:47:58.173Z|19791209299987|8424|HAS_INTEREST
2011-08-04T04:47:58.173Z|19791209299987|9319|HAS_INTEREST
2011-08-04T04:47:58.173Z|19791209299987|9486|HAS_INTEREST
2011-08-04T04:47:58.173Z|19791209299987|10426|HAS_INTEREST
2011-08-04T04:47:58.173Z|19791209299987|14610|HAS_INTEREST
2011-06-24T17:11:54.199Z|17592186044443|291|HAS_INTEREST
2011-06-24T17:11:54.199Z|17592186044443|470|HAS_INTEREST
2011-06-24T17:11:54.199Z|17592186044443|973|HAS_INTEREST
2011-06-24T17:11:54.199Z|17592186044443|974|HAS_INTEREST
2011-06-24T17:11:54.199Z|17592186044443|1023|HAS_INTEREST
2011-06-24T17:11:54.199Z|17592186044443|1175|HAS_INTEREST
2011-06-24T17:11:54.199Z|17592186044443|1398|HAS_INTEREST
2011-06-24T17:11:54.199Z|17592186044443|1532|HAS_INTEREST
2011-06-24T17:11:54.199Z|17592186044443|1749|HAS_INTEREST
2011-06-24T17:11:54.199Z|17592186044443|1763|HAS_INTEREST
2011-06-24T17:11:54.199Z|17592186044443|1985|HAS_INTEREST
2011-06-24T17:11:54.199Z|17592186044443|1986|HAS_INTEREST
2011-06-24T17:11:54.199Z|17592186044443|1992|HAS_INTEREST
2011-06-24T17:11:54.199Z|17592186044443|2114|HAS_INTEREST
2011-06-24T17:11:54.199Z|17592186044443|2777|HAS_INTEREST
2011-06-24T17:11:54.199Z|17592186044443|2785|HAS_INTEREST
2011-06-24T17:11:54.199Z|17592186044443|2789|HAS_INTEREST
2011-06-24T17:11:54.199Z|17592186044443|2791|HAS_INTEREST
2011-06-24T17:11:54.199Z|17592186044443|2793|HAS_INTEREST
2011-06-24T17:11:54.199Z|17592186044443|2864|HAS_INTEREST
2011-06-24T17:11:54.199Z|17592186044443|2895|HAS_INTEREST
2011-06-24T17:11:54.199Z|17592186044443|2942|HAS_INTEREST
2011-06-24T17:11:54.199Z|17592186044443|2959|HAS_INTEREST
2011-06-24T17:11:54.199Z|17592186044443|2979|HAS_INTEREST
2011-06-24T17:11:54.199Z|17592186044443|2984|HAS_INTEREST
2011-06-24T17:11:54.199Z|17592186044443|2991|HAS_INTEREST
2011-06-24T17:11:54.199Z|17592186044443|2998|HAS_INTEREST
2011-06-24T17:11:54.199Z|17592186044443|3005|HAS_INTEREST
2011-06-24T17:11:54.199Z|17592186044443|3013|HAS_INTEREST
2011-06-24T17:11:54.199Z|17592186044443|3025|HAS_INTEREST
2011-06-24T17:11:54.199Z|17592186044443|3027|HAS_INTEREST
2011-06-24T17:11:54.199Z|17592186044443|3046|HAS_INTEREST
2011-06-24T17:11:54.199Z|17592186044443|5114|HAS_INTEREST
2011-06-24T17:11:54.199Z|17592186044443|5192|HAS_INTEREST
2011-06-24T17:11:54.199Z|17592186044443|6340|HAS_INTEREST
2011-06-24T17:11:54.199Z|17592186044443|6383|HAS_INTEREST
2011-06-24T17:11:54.199Z|17592186044443|6740|HAS_INTEREST
2011-06-24T17:11:54.199Z|17592186044443|6980|HAS_INTEREST
2011-06-24T17:11:54.199Z|17592186044443|6987|HAS_INTEREST
2011-06-24T17:11:54.199Z|17592186044443|7522|HAS_INTEREST
2011-06-24T17:11:54.199Z|17592186044443|9638|HAS_INTEREST
2011-06-24T17:11:54.199Z|17592186044443|10449|HAS_INTEREST
2011-06-24T17:11:54.199Z|17592186044443|10513|HAS_INTEREST
2011-06-24T17:11:54.199Z|17592186044443|11824|HAS_INTEREST
2011-01-09T19:16:37.913Z|13194139533355|0|HAS_INTEREST
2011-01-09T19:16:37.913Z|13194139533355|146|HAS_INTEREST
2011-01-09T19:16:37.913Z|13194139533355|285|HAS_INTEREST
2011-01-09T19:16:37.913Z|13194139533355|290|HAS_INTEREST
2011-01-09T19:16:37.913Z|13194139533355|296|HAS_INTEREST
2011-01-09T19:16:37.913Z|13194139533355|1617|HAS_INTEREST
2011-01-09T19:16:37.913Z|13194139533355|1644|HAS_INTEREST
2011-01-09T19:16:37.913Z|13194139533355|1672|HAS_INTEREST
2011-01-09T19:16:37.913Z|13194139533355|1990|HAS_INTEREST
2011-01-09T19:16:37.913Z|13194139533355|2017|HAS_INTEREST
2011-01-09T19:16:37.913Z|13194139533355|2782|HAS_INTEREST
2011-01-09T19:16:37.913Z|13194139533355|2786|HAS_INTEREST
2011-01-09T19:16:37.913Z|13194139533355|2788|HAS_INTEREST
2011-01-09T19:16:37.913Z|13194139533355|2790|HAS_INTEREST
2011-01-09T19:16:37.913Z|13194139533355|2893|HAS_INTEREST
2011-01-09T19:16:37.913Z|13194139533355|2962|HAS_INTEREST
2011-01-09T19:16:37.913Z|13194139533355|2997|HAS_INTEREST
2011-01-09T19:16:37.913Z|13194139533355|3013|HAS_INTEREST
2011-01-09T19:16:37.913Z|13194139533355|3049|HAS_INTEREST
2011-01-09T19:16:37.913Z|13194139533355|3076|HAS_INTEREST
2011-01-09T19:16:37.913Z|13194139533355|5196|HAS_INTEREST
2011-01-09T19:16:37.913Z|13194139533355|7025|HAS_INTEREST
2011-01-09T19:16:37.913Z|13194139533355|9095|HAS_INTEREST
2011-01-09T19:16:37.913Z|13194139533355|9261|HAS_INTEREST
2011-05-11T19:46:47.595Z|17592186044461|1672|HAS_INTEREST
2011-05-11T19:46:47.595Z|17592186044461|1749|HAS_INTEREST
2012-08-09T21:35:41.016Z|32985348833329|3|HAS_INTEREST
2012-08-09T21:35:41.016Z|32985348833329|139|HAS_INTEREST
2012-08-09T21:35:41.016Z|32985348833329|470|HAS_INTEREST
2012-08-09T21:35:41.016Z|32985348833329|580|HAS_INTEREST
2012-08-09T21:35:41.016Z|32985348833329|1985|HAS_INTEREST
2012-08-09T21:35:41.016Z|32985348833329|2058|HAS_INTEREST
2012-08-09T21:35:41.016Z|32985348833329|2777|HAS_INTEREST
2012-08-09T21:35:41.016Z|32985348833329|2836|HAS_INTEREST
2012-08-09T21:35:41.016Z|32985348833329|5114|HAS_INTEREST
2012-03-17T14:21:07.120Z|28587302322223|775|HAS_INTEREST
2012-03-17T14:21:07.120Z|28587302322223|1938|HAS_INTEREST
2012-02-03T03:26:31.722Z|26388279066655|1410|HAS_INTEREST
2010-03-24T18:14:04.882Z|2199023255557|65|HAS_INTEREST
2010-03-24T18:14:04.882Z|2199023255557|2123|HAS_INTEREST
2010-03-24T18:14:04.882Z|2199023255557|3111|HAS_INTEREST
2010-03-24T18:14:04.882Z|2199023255557|7407|HAS_INTEREST
2010-03-24T18:14:04.882Z|2199023255557|8736|HAS_INTEREST
2010-03-21T12:25:42.685Z|2199023255594|458|HAS_INTEREST
2010-03-21T12:25:42.685Z|2199023255594|806|HAS_INTEREST
2010-03-21T12:25:42.685Z|2199023255594|1668|HAS_INTEREST
2010-03-21T12:25:42.685Z|2199023255594|1670|HAS_INTEREST
2010-03-21T12:25:42.685Z|2199023255594|1985|HAS_INTEREST
2010-03-21T12:25:42.685Z|2199023255594|1993|HAS_INTEREST
2010-03-21T12:25:42.685Z|2199023255594|2011|HAS_INTEREST
2010-03-21T12:25:42.685Z|2199023255594|2066|HAS_INTEREST
2010-03-21T12:25:42.685Z|2199023255594|2785|HAS_INTEREST
2010-03-21T12:25:42.685Z|2199023255594|2788|HAS_INTEREST
2010-03-21T12:25:42.685Z|2199023255594|2794|HAS_INTEREST
2010-03-21T12:25:42.685Z|2199023255594|2898|HAS_INTEREST
2010-03-21T12:25:42.685Z|2199023255594|2929|HAS_INTEREST
2010-03-21T12:25:42.685Z|2199023255594|2953|HAS_INTEREST
2010-03-21T12:25:42.685Z|2199023255594|2968|HAS_INTEREST
2010-03-21T12:25:42.685Z|2199023255594|2969|HAS_INTEREST
2010-03-21T12:25:42.685Z|2199023255594|3073|HAS_INTEREST
2010-03-21T12:25:42.685Z|2199023255594|5115|HAS_INTEREST
2010-03-21T12:25:42.685Z|2199023255594|5170|HAS_INTEREST
2010-03-21T12:25:42.685Z|2199023255594|5183|HAS_INTEREST
2010-03-21T12:25:42.685Z|2199023255594|6976|HAS_INTEREST
2010-03-21T12:25:42.685Z|2199023255594|8882|HAS_INTEREST
2010-03-21T12:25:42.685Z|2199023255594|10289|HAS_INTEREST
2010-12-24T05:25:34.086Z|10995116277782|470|HAS_INTEREST
2010-12-24T05:25:34.086Z|10995116277782|588|HAS_INTEREST
2010-12-24T05:25:34.086Z|10995116277782|598|HAS_INTEREST
2010-12-24T05:25:34.086Z|10995116277782|798|HAS_INTEREST
2010-12-24T05:25:34.086Z|10995116277782|805|HAS_INTEREST
2010-12-24T05:25:34.086Z|10995116277782|974|HAS_INTEREST
2010-12-24T05:25:34.086Z|10995116277782|1031|HAS_INTEREST
2010-12-24T05:25:34.086Z|10995116277782|1174|HAS_INTEREST
2010-12-24T05:25:34.086Z|10995116277782|1183|HAS_INTEREST
2010-12-24T05:25:34.086Z|10995116277782|1527|HAS_INTEREST
2010-12-24T05:25:34.086Z|10995116277782|1644|HAS_INTEREST
2010-12-24T05:25:34.086Z|10995116277782|1676|HAS_INTEREST
2010-12-24T05:25:34.086Z|10995116277782|1764|HAS_INTEREST
2010-12-24T05:25:34.086Z|10995116277782|1984|HAS_INTEREST
2010-12-24T05:25:34.086Z|10995116277782|1986|HAS_INTEREST
2010-12-24T05:25:34.086Z|10995116277782|1989|HAS_INTEREST
2010-12-24T05:25:34.086Z|10995116277782|1997|HAS_INTEREST
2010-12-24T05:25:34.086Z|10995116277782|1998|HAS_INTEREST
2010-12-24T05:25:34.086Z|10995116277782|2044|HAS_INTEREST
2010-12-24T05:25:34.086Z|10995116277782|2050|HAS_INTEREST
2010-12-24T05:25:34.086Z|10995116277782|2805|HAS_INTEREST
2010-12-24T05:25:34.086Z|10995116277782|2808|HAS_INTEREST
2010-12-24T05:25:34.086Z|10995116277782|2900|HAS_INTEREST
2010-12-24T05:25:34.086Z|10995116277782|2994|HAS_INTEREST
2010-12-24T05:25:34.086Z|10995116277782|3000|HAS_INTEREST
2010-12-24T05:25:34.086Z|10995116277782|3001|HAS_INTEREST
2010-12-24T05:25:34.086Z|10995116277782|3080|HAS_INTEREST
2010-12-24T05:25:34.086Z|10995116277782|4844|HAS_INTEREST
2010-12-24T05:25:34.086Z|10995116277782|4849|HAS_INTEREST
2010-12-24T05:25:34.086Z|10995116277782|5063|HAS_INTEREST
2010-12-24T05:25:34.086Z|10995116277782|5067|HAS_INTEREST
2010-12-24T05:25:34.086Z|10995116277782|5176|HAS_INTEREST
2010-12-24T05:25:34.086Z|10995116277782|5183|HAS_INTEREST
2010-12-24T05:25:34.086Z|10995116277782|6100|HAS_INTEREST
2010-12-24T05:25:34.086Z|10995116277782|6394|HAS_INTEREST
2010-12-24T05:25:34.086Z|10995116277782|6490|HAS_INTEREST
2010-12-24T05:25:34.086Z|10995116277782|6962|HAS_INTEREST
2010-12-24T05:25:34.086Z|10995116277782|7507|HAS_INTEREST
2010-12-24T05:25:34.086Z|10995116277782|7522|HAS_INTEREST
2010-12-24T05:25:34.086Z|10995116277782|7582|HAS_INTEREST
2010-12-24T05:25:34.086Z|10995116277782|7594|HAS_INTEREST
2010-12-24T05:25:34.086Z|10995116277782|7610|HAS_INTEREST
2010-12-24T05:25:34.086Z|10995116277782|9102|HAS_INTEREST
2010-12-24T05:25:34.086Z|10995116277782|9144|HAS_INTEREST
2010-12-24T05:25:34.086Z|10995116277782|9319|HAS_INTEREST
2010-12-24T05:25:34.086Z|10995116277782|10951|HAS_INTEREST
2010-12-24T05:25:34.086Z|10995116277782|11388|HAS_INTEREST
2010-12-24T05:25:34.086Z|10995116277782|11572|HAS_INTEREST
2010-12-24T05:25:34.086Z|10995116277782|12807|HAS_INTEREST
2010-12-24T05:25:34.086Z|10995116277782|13157|HAS_INTEREST
2010-12-24T05:25:34.086Z|10995116277782|13843|HAS_INTEREST
2010-12-24T05:25:34.086Z|10995116277782|13870|HAS_INTEREST
2010-01-03T15:10:31.499Z|14|139|HAS_INTEREST
2010-01-03T15:10:31.499Z|14|290|HAS_INTEREST
2010-01-03T15:10:31.499Z|14|584|HAS_INTEREST
2010-01-03T15:10:31.499Z|14|779|HAS_INTEREST
2010-01-03T15:10:31.499Z|14|781|HAS_INTEREST
2010-01-03T15:10:31.499Z|14|782|HAS_INTEREST
2010-01-03T15:10:31.499Z|14|783|HAS_INTEREST
2010-01-03T15:10:31.499Z|14|804|HAS_INTEREST
2010-01-03T15:10:31.499Z|14|1031|HAS_INTEREST
2010-01-03T15:10:31.499Z|14|1621|HAS_INTEREST
2010-01-03T15:10:31.499Z|14|1760|HAS_INTEREST
2010-01-03T15:10:31.499Z|14|1763|HAS_INTEREST
2010-01-03T15:10:31.499Z|14|1997|HAS_INTEREST
2010-01-03T15:10:31.499Z|14|2001|HAS_INTEREST
2010-01-03T15:10:31.499Z|14|2008|HAS_INTEREST
2010-01-03T15:10:31.499Z|14|2031|HAS_INTEREST
2010-01-03T15:10:31.499Z|14|2038|HAS_INTEREST
2010-01-03T15:10:31.499Z|14|2045|HAS_INTEREST
2010-01-03T15:10:31.499Z|14|2067|HAS_INTEREST
2010-01-03T15:10:31.499Z|14|2074|HAS_INTEREST
2010-01-03T15:10:31.499Z|14|2794|HAS_INTEREST
2010-01-03T15:10:31.499Z|14|2797|HAS_INTEREST
2010-01-03T15:10:31.499Z|14|2824|HAS_INTEREST
2010-01-03T15:10:31.499Z|14|2825|HAS_INTEREST
2010-01-03T15:10:31.499Z|14|2826|HAS_INTEREST
2010-01-03T15:10:31.499Z|14|2865|HAS_INTEREST
2010-01-03T15:10:31.499Z|14|2870|HAS_INTEREST
2010-01-03T15:10:31.499Z|14|2908|HAS_INTEREST
2010-01-03T15:10:31.499Z|14|2938|HAS_INTEREST
2010-01-03T15:10:31.499Z|14|2942|HAS_INTEREST
2010-01-03T15:10:31.499Z|14|2999|HAS_INTEREST
2010-01-03T15:10:31.499Z|14|3020|HAS_INTEREST
2010-01-03T15:10:31.499Z|14|3035|HAS_INTEREST
2010-01-03T15:10:31.499Z|14|3041|HAS_INTEREST
2010-01-03T15:10:31.499Z|14|3043|HAS_INTEREST
2010-01-03T15:10:31.499Z|14|3044|HAS_INTEREST
2010-01-03T15:10:31.499Z|14|5063|HAS_INTEREST
2010-01-03T15:10:31.499Z|14|5156|HAS_INTEREST
2010-01-03T15:10:31.499Z|14|5163|HAS_INTEREST
2010-01-03T15:10:31.499Z|14|6763|HAS_INTEREST
2010-01-03T15:10:31.499Z|14|6887|HAS_INTEREST
2010-01-03T15:10:31.499Z|14|6991|HAS_INTEREST
2010-01-03T15:10:31.499Z|14|7148|HAS_INTEREST
2010-01-03T15:10:31.499Z|14|7507|HAS_INTEREST
2010-01-03T15:10:31.499Z|14|7517|HAS_INTEREST
2010-01-03T15:10:31.499Z|14|8225|HAS_INTEREST
2010-01-03T15:10:31.499Z|14|8372|HAS_INTEREST
2010-01-03T15:10:31.499Z|14|10712|HAS_INTEREST
2010-01-03T15:10:31.499Z|14|10925|HAS_INTEREST
2010-01-03T15:10:31.499Z|14|11515|HAS_INTEREST
2010-01-03T15:10:31.499Z|14|11582|HAS_INTEREST
2010-02-12T22:05:24.513Z|32|283|HAS_INTEREST
2010-02-12T22:05:24.513Z|32|777|HAS_INTEREST
2010-02-12T22:05:24.513Z|32|796|HAS_INTEREST
2010-02-12T22:05:24.513Z|32|801|HAS_INTEREST
2010-02-12T22:05:24.513Z|32|1043|HAS_INTEREST
2010-02-12T22:05:24.513Z|32|1763|HAS_INTEREST
2010-02-12T22:05:24.513Z|32|1940|HAS_INTEREST
2010-02-12T22:05:24.513Z|32|1987|HAS_INTEREST
2010-02-12T22:05:24.513Z|32|2031|HAS_INTEREST
2010-02-12T22:05:24.513Z|32|2058|HAS_INTEREST
2010-02-12T22:05:24.513Z|32|2789|HAS_INTEREST
2010-02-12T22:05:24.513Z|32|2822|HAS_INTEREST
2010-02-12T22:05:24.513Z|32|2963|HAS_INTEREST
2010-02-12T22:05:24.513Z|32|3033|HAS_INTEREST
2010-02-12T22:05:24.513Z|32|3043|HAS_INTEREST
2010-02-12T22:05:24.513Z|32|3075|HAS_INTEREST
2010-02-12T22:05:24.513Z|32|3096|HAS_INTEREST
2010-02-12T22:05:24.513Z|32|5063|HAS_INTEREST
2010-02-12T22:05:24.513Z|32|5085|HAS_INTEREST
2010-02-12T22:05:24.513Z|32|5445|HAS_INTEREST
2010-02-12T22:05:24.513Z|32|5663|HAS_INTEREST
2010-02-12T22:05:24.513Z|32|6133|HAS_INTEREST
2010-02-12T22:05:24.513Z|32|6368|HAS_INTEREST
2010-02-12T22:05:24.513Z|32|6369|HAS_INTEREST
2010-02-12T22:05:24.513Z|32|6545|HAS_INTEREST
2010-02-12T22:05:24.513Z|32|9098|HAS_INTEREST
2010-02-12T22:05:24.513Z|32|11745|HAS_INTEREST
2010-09-28T17:46:50.451Z|8796093022244|0|HAS_INTEREST
2010-09-28T17:46:50.451Z|8796093022244|8|HAS_INTEREST
2010-09-28T17:46:50.451Z|8796093022244|61|HAS_INTEREST
2010-09-28T17:46:50.451Z|8796093022244|139|HAS_INTEREST
2010-09-28T17:46:50.451Z|8796093022244|544|HAS_INTEREST
2010-09-28T17:46:50.451Z|8796093022244|566|HAS_INTEREST
2010-09-28T17:46:50.451Z|8796093022244|582|HAS_INTEREST
2010-09-28T17:46:50.451Z|8796093022244|593|HAS_INTEREST
2010-09-28T17:46:50.451Z|8796093022244|782|HAS_INTEREST
2010-09-28T17:46:50.451Z|8796093022244|978|HAS_INTEREST
2010-09-28T17:46:50.451Z|8796093022244|1174|HAS_INTEREST
2010-09-28T17:46:50.451Z|8796093022244|1186|HAS_INTEREST
2010-09-28T17:46:50.451Z|8796093022244|1198|HAS_INTEREST
2010-09-28T17:46:50.451Z|8796093022244|1505|HAS_INTEREST
2010-09-28T17:46:50.451Z|8796093022244|1547|HAS_INTEREST
2010-09-28T17:46:50.451Z|8796093022244|1615|HAS_INTEREST
2010-09-28T17:46:50.451Z|8796093022244|1672|HAS_INTEREST
2010-09-28T17:46:50.451Z|8796093022244|1760|HAS_INTEREST
2010-09-28T17:46:50.451Z|8796093022244|1910|HAS_INTEREST
2010-09-28T17:46:50.451Z|8796093022244|1988|HAS_INTEREST
2010-09-28T17:46:50.451Z|8796093022244|1994|HAS_INTEREST
2010-09-28T17:46:50.451Z|8796093022244|2001|HAS_INTEREST
2010-09-28T17:46:50.451Z|8796093022244|2004|HAS_INTEREST
2010-09-28T17:46:50.451Z|8796093022244|2006|HAS_INTEREST
2010-09-28T17:46:50.451Z|8796093022244|2020|HAS_INTEREST
2010-09-28T17:46:50.451Z|8796093022244|2097|HAS_INTEREST
2010-09-28T17:46:50.451Z|8796093022244|2115|HAS_INTEREST
2010-09-28T17:46:50.451Z|8796093022244|2786|HAS_INTEREST
2010-09-28T17:46:50.451Z|8796093022244|2793|HAS_INTEREST
2010-09-28T17:46:50.451Z|8796093022244|2799|HAS_INTEREST
2010-09-28T17:46:50.451Z|8796093022244|2812|HAS_INTEREST
2010-09-28T17:46:50.451Z|8796093022244|2837|HAS_INTEREST
2010-09-28T17:46:50.451Z|8796093022244|2843|HAS_INTEREST
2010-09-28T17:46:50.451Z|8796093022244|2851|HAS_INTEREST
2010-09-28T17:46:50.451Z|8796093022244|2890|HAS_INTEREST
2010-09-28T17:46:50.451Z|8796093022244|2926|HAS_INTEREST
2010-09-28T17:46:50.451Z|8796093022244|2974|HAS_INTEREST
2010-09-28T17:46:50.451Z|8796093022244|2983|HAS_INTEREST
2010-09-28T17:46:50.451Z|8796093022244|3000|HAS_INTEREST
2010-09-28T17:46:50.451Z|8796093022244|3001|HAS_INTEREST
2010-09-28T17:46:50.451Z|8796093022244|3029|HAS_INTEREST
2010-09-28T17:46:50.451Z|8796093022244|3046|HAS_INTEREST
2010-09-28T17:46:50.451Z|8796093022244|3050|HAS_INTEREST
2010-09-28T17:46:50.451Z|8796093022244|3061|HAS_INTEREST
2010-09-28T17:46:50.451Z|8796093022244|3077|HAS_INTEREST
2010-09-28T17:46:50.451Z|8796093022244|3079|HAS_INTEREST
2010-09-28T17:46:50.451Z|8796093022244|4847|HAS_INTEREST
2010-09-28T17:46:50.451Z|8796093022244|5115|HAS_INTEREST
2010-09-28T17:46:50.451Z|8796093022244|5142|HAS_INTEREST
2010-09-28T17:46:50.451Z|8796093022244|5192|HAS_INTEREST
2010-09-28T17:46:50.451Z|8796093022244|6365|HAS_INTEREST
2010-09-28T17:46:50.451Z|8796093022244|6368|HAS_INTEREST
2010-09-28T17:46:50.451Z|8796093022244|6369|HAS_INTEREST
2010-09-28T17:46:50.451Z|8796093022244|6933|HAS_INTEREST
2010-09-28T17:46:50.451Z|8796093022244|6954|HAS_INTEREST
2010-09-28T17:46:50.451Z|8796093022244|7032|HAS_INTEREST
2010-09-28T17:46:50.451Z|8796093022244|7109|HAS_INTEREST
2010-09-28T17:46:50.451Z|8796093022244|7335|HAS_INTEREST
2010-09-28T17:46:50.451Z|8796093022244|7545|HAS_INTEREST
2010-09-28T17:46:50.451Z|8796093022244|7570|HAS_INTEREST
2010-09-28T17:46:50.451Z|8796093022244|7572|HAS_INTEREST
2010-09-28T17:46:50.451Z|8796093022244|7601|HAS_INTEREST
2010-09-28T17:46:50.451Z|8796093022244|8130|HAS_INTEREST
2010-09-28T17:46:50.451Z|8796093022244|8154|HAS_INTEREST
2010-09-28T17:46:50.451Z|8796093022244|8503|HAS_INTEREST
2010-09-28T17:46:50.451Z|8796093022244|8816|HAS_INTEREST
2010-09-28T17:46:50.451Z|8796093022244|8862|HAS_INTEREST
2010-09-28T17:46:50.451Z|8796093022244|9024|HAS_INTEREST
2010-09-28T17:46:50.451Z|8796093022244|9195|HAS_INTEREST
2010-09-28T17:46:50.451Z|8796093022244|9293|HAS_INTEREST
2010-09-28T17:46:50.451Z|8796093022244|9333|HAS_INTEREST
2010-09-28T17:46:50.451Z|8796093022244|9479|HAS_INTEREST
2010-09-28T17:46:50.451Z|8796093022244|11376|HAS_INTEREST
2010-09-28T17:46:50.451Z|8796093022244|11408|HAS_INTEREST
2010-09-28T17:46:50.451Z|8796093022244|11474|HAS_INTEREST
2010-09-28T17:46:50.451Z|8796093022244|13375|HAS_INTEREST
2010-09-28T17:46:50.451Z|8796093022244|13735|HAS_INTEREST
2010-09-28T17:46:50.451Z|8796093022244|13818|HAS_INTEREST
2010-09-28T17:46:50.451Z|8796093022244|14639|HAS_INTEREST
2011-10-06T01:23:31.981Z|21990232555526|6|HAS_INTEREST
2011-10-06T01:23:31.981Z|21990232555526|587|HAS_INTEREST
2011-10-06T01:23:31.981Z|21990232555526|588|HAS_INTEREST
2011-10-06T01:23:31.981Z|21990232555526|782|HAS_INTEREST
2011-10-06T01:23:31.981Z|21990232555526|1153|HAS_INTEREST
2011-10-06T01:23:31.981Z|21990232555526|1173|HAS_INTEREST
2011-10-06T01:23:31.981Z|21990232555526|1179|HAS_INTEREST
2011-10-06T01:23:31.981Z|21990232555526|1180|HAS_INTEREST
2011-10-06T01:23:31.981Z|21990232555526|1187|HAS_INTEREST
2011-10-06T01:23:31.981Z|21990232555526|1193|HAS_INTEREST
2011-10-06T01:23:31.981Z|21990232555526|1206|HAS_INTEREST
2011-10-06T01:23:31.981Z|21990232555526|1454|HAS_INTEREST
2011-10-06T01:23:31.981Z|21990232555526|1545|HAS_INTEREST
2011-10-06T01:23:31.981Z|21990232555526|1760|HAS_INTEREST
2011-10-06T01:23:31.981Z|21990232555526|1762|HAS_INTEREST
2011-10-06T01:23:31.981Z|21990232555526|1863|HAS_INTEREST
2011-10-06T01:23:31.981Z|21990232555526|1940|HAS_INTEREST
2011-10-06T01:23:31.981Z|21990232555526|2031|HAS_INTEREST
2011-10-06T01:23:31.981Z|21990232555526|2048|HAS_INTEREST
2011-10-06T01:23:31.981Z|21990232555526|2067|HAS_INTEREST
2011-10-06T01:23:31.981Z|21990232555526|5132|HAS_INTEREST
2011-10-06T01:23:31.981Z|21990232555526|6413|HAS_INTEREST
2011-10-06T01:23:31.981Z|21990232555526|6945|HAS_INTEREST
2011-10-06T01:23:31.981Z|21990232555526|9063|HAS_INTEREST
2011-10-06T01:23:31.981Z|21990232555526|9479|HAS_INTEREST
2011-10-06T01:23:31.981Z|21990232555526|11250|HAS_INTEREST
2011-10-06T01:23:31.981Z|21990232555526|11379|HAS_INTEREST
2012-02-26T23:41:53.145Z|26388279066668|545|HAS_INTEREST
2012-02-26T23:41:53.145Z|26388279066668|809|HAS_INTEREST
2012-02-26T23:41:53.145Z|26388279066668|1021|HAS_INTEREST
2012-02-26T23:41:53.145Z|26388279066668|1173|HAS_INTEREST
2012-02-26T23:41:53.145Z|26388279066668|1195|HAS_INTEREST
2012-02-26T23:41:53.145Z|26388279066668|1201|HAS_INTEREST
2012-02-26T23:41:53.145Z|26388279066668|1988|HAS_INTEREST
2012-02-26T23:41:53.145Z|26388279066668|1997|HAS_INTEREST
2012-02-26T23:41:53.145Z|26388279066668|1999|HAS_INTEREST
2012-02-26T23:41:53.145Z|26388279066668|2049|HAS_INTEREST
2012-02-26T23:41:53.145Z|26388279066668|2075|HAS_INTEREST
2012-02-26T23:41:53.145Z|26388279066668|2819|HAS_INTEREST
2012-02-26T23:41:53.145Z|26388279066668|5191|HAS_INTEREST
2012-02-26T23:41:53.145Z|26388279066668|5192|HAS_INTEREST
2012-02-26T23:41:53.145Z|26388279066668|6413|HAS_INTEREST
2012-02-26T23:41:53.145Z|26388279066668|7604|HAS_INTEREST
2012-08-06T10:01:33.641Z|32985348833318|138|HAS_INTEREST
2012-08-06T10:01:33.641Z|32985348833318|140|HAS_INTEREST
2012-08-06T10:01:33.641Z|32985348833318|196|HAS_INTEREST
2012-08-06T10:01:33.641Z|32985348833318|284|HAS_INTEREST
2012-08-06T10:01:33.641Z|32985348833318|523|HAS_INTEREST
2012-08-06T10:01:33.641Z|32985348833318|545|HAS_INTEREST
2012-08-06T10:01:33.641Z|32985348833318|581|HAS_INTEREST
2012-08-06T10:01:33.641Z|32985348833318|590|HAS_INTEREST
2012-08-06T10:01:33.641Z|32985348833318|777|HAS_INTEREST
2012-08-06T10:01:33.641Z|32985348833318|785|HAS_INTEREST
2012-08-06T10:01:33.641Z|32985348833318|790|HAS_INTEREST
2012-08-06T10:01:33.641Z|32985348833318|1155|HAS_INTEREST
2012-08-06T10:01:33.641Z|32985348833318|1178|HAS_INTEREST
2012-08-06T10:01:33.641Z|32985348833318|1180|HAS_INTEREST
2012-08-06T10:01:33.641Z|32985348833318|1188|HAS_INTEREST
2012-08-06T10:01:33.641Z|32985348833318|1194|HAS_INTEREST
2012-08-06T10:01:33.641Z|32985348833318|1200|HAS_INTEREST
2012-08-06T10:01:33.641Z|32985348833318|1771|HAS_INTEREST
2012-08-06T10:01:33.641Z|32985348833318|1908|HAS_INTEREST
2012-08-06T10:01:33.641Z|32985348833318|1984|HAS_INTEREST
2012-08-06T10:01:33.641Z|32985348833318|1991|HAS_INTEREST
2012-08-06T10:01:33.641Z|32985348833318|2057|HAS_INTEREST
2012-08-06T10:01:33.641Z|32985348833318|2089|HAS_INTEREST
2012-08-06T10:01:33.641Z|32985348833318|2820|HAS_INTEREST
2012-08-06T10:01:33.641Z|32985348833318|2828|HAS_INTEREST
2012-08-06T10:01:33.641Z|32985348833318|2838|HAS_INTEREST
2012-08-06T10:01:33.641Z|32985348833318|2991|HAS_INTEREST
2012-08-06T10:01:33.641Z|32985348833318|3047|HAS_INTEREST
2012-08-06T10:01:33.641Z|32985348833318|3053|HAS_INTEREST
2012-08-06T10:01:33.641Z|32985348833318|3056|HAS_INTEREST
2012-08-06T10:01:33.641Z|32985348833318|3060|HAS_INTEREST
2012-08-06T10:01:33.641Z|32985348833318|3061|HAS_INTEREST
2012-08-06T10:01:33.641Z|32985348833318|3083|HAS_INTEREST
2012-08-06T10:01:33.641Z|32985348833318|5964|HAS_INTEREST
2012-08-06T10:01:33.641Z|32985348833318|6409|HAS_INTEREST
2012-08-06T10:01:33.641Z|32985348833318|6430|HAS_INTEREST
2012-08-06T10:01:33.641Z|32985348833318|7694|HAS_INTEREST
2012-08-06T10:01:33.641Z|32985348833318|9310|HAS_INTEREST
2012-08-06T10:01:33.641Z|32985348833318|10368|HAS_INTEREST
2012-08-06T10:01:33.641Z|32985348833318|15558|HAS_INTEREST
2012-01-10T19:44:54.406Z|26388279066632|585|HAS_INTEREST
2012-01-10T19:44:54.406Z|26388279066632|1444|HAS_INTEREST
2012-01-10T19:44:54.406Z|26388279066632|6404|HAS_INTEREST
2012-01-10T19:44:54.406Z|26388279066632|8082|HAS_INTEREST
2011-10-17T04:08:45.182Z|21990232555527|59|HAS_INTEREST
2011-10-17T04:08:45.182Z|21990232555527|281|HAS_INTEREST
2011-10-17T04:08:45.182Z|21990232555527|579|HAS_INTEREST
2011-10-17T04:08:45.182Z|21990232555527|590|HAS_INTEREST
2011-10-17T04:08:45.182Z|21990232555527|781|HAS_INTEREST
2011-10-17T04:08:45.182Z|21990232555527|808|HAS_INTEREST
2011-10-17T04:08:45.182Z|21990232555527|1604|HAS_INTEREST
2011-10-17T04:08:45.182Z|21990232555527|1766|HAS_INTEREST
2011-10-17T04:08:45.182Z|21990232555527|2008|HAS_INTEREST
2011-10-17T04:08:45.182Z|21990232555527|2028|HAS_INTEREST
2011-10-17T04:08:45.182Z|21990232555527|2795|HAS_INTEREST
2011-10-17T04:08:45.182Z|21990232555527|2898|HAS_INTEREST
2011-10-17T04:08:45.182Z|21990232555527|3027|HAS_INTEREST
2011-10-17T04:08:45.182Z|21990232555527|3038|HAS_INTEREST
2011-10-17T04:08:45.182Z|21990232555527|3090|HAS_INTEREST
2011-10-17T04:08:45.182Z|21990232555527|5727|HAS_INTEREST
2011-10-17T04:08:45.182Z|21990232555527|8637|HAS_INTEREST
2011-10-17T04:08:45.182Z|21990232555527|11537|HAS_INTEREST
2011-10-17T04:08:45.182Z|21990232555527|12079|HAS_INTEREST
2011-03-12T15:40:42.861Z|15393162788877|8|HAS_INTEREST
2011-03-12T15:40:42.861Z|15393162788877|775|HAS_INTEREST
2011-03-12T15:40:42.861Z|15393162788877|1749|HAS_INTEREST
2011-03-12T15:40:42.861Z|15393162788877|1993|HAS_INTEREST
2011-03-12T15:40:42.861Z|15393162788877|2011|HAS_INTEREST
2011-03-12T15:40:42.861Z|15393162788877|2031|HAS_INTEREST
2011-03-12T15:40:42.861Z|15393162788877|2036|HAS_INTEREST
2011-03-12T15:40:42.861Z|15393162788877|2040|HAS_INTEREST
2011-03-12T15:40:42.861Z|15393162788877|2043|HAS_INTEREST
2011-03-12T15:40:42.861Z|15393162788877|2053|HAS_INTEREST
2011-03-12T15:40:42.861Z|15393162788877|2059|HAS_INTEREST
2011-03-12T15:40:42.861Z|15393162788877|2060|HAS_INTEREST
2011-03-12T15:40:42.861Z|15393162788877|2076|HAS_INTEREST
2011-03-12T15:40:42.861Z|15393162788877|2088|HAS_INTEREST
2011-03-12T15:40:42.861Z|15393162788877|2093|HAS_INTEREST
2011-03-12T15:40:42.861Z|15393162788877|2796|HAS_INTEREST
2011-03-12T15:40:42.861Z|15393162788877|2807|HAS_INTEREST
2011-03-12T15:40:42.861Z|15393162788877|2819|HAS_INTEREST
2011-03-12T15:40:42.861Z|15393162788877|2837|HAS_INTEREST
2011-03-12T15:40:42.861Z|15393162788877|2843|HAS_INTEREST
2011-03-12T15:40:42.861Z|15393162788877|2844|HAS_INTEREST
2011-03-12T15:40:42.861Z|15393162788877|2895|HAS_INTEREST
2011-03-12T15:40:42.861Z|15393162788877|2975|HAS_INTEREST
2011-03-12T15:40:42.861Z|15393162788877|3014|HAS_INTEREST
2011-03-12T15:40:42.861Z|15393162788877|5162|HAS_INTEREST
2011-03-12T15:40:42.861Z|15393162788877|5176|HAS_INTEREST
2011-03-12T15:40:42.861Z|15393162788877|6449|HAS_INTEREST
2011-03-12T15:40:42.861Z|15393162788877|6698|HAS_INTEREST
2011-03-12T15:40:42.861Z|15393162788877|6982|HAS_INTEREST
2011-03-12T15:40:42.861Z|15393162788877|7501|HAS_INTEREST
2011-03-12T15:40:42.861Z|15393162788877|9036|HAS_INTEREST
2011-03-12T15:40:42.861Z|15393162788877|13459|HAS_INTEREST
2011-03-12T15:40:42.861Z|15393162788877|13833|HAS_INTEREST
2010-11-21T16:16:26.476Z|10995116277783|9|HAS_INTEREST
2010-11-21T16:16:26.476Z|10995116277783|139|HAS_INTEREST
2010-11-21T16:16:26.476Z|10995116277783|146|HAS_INTEREST
2010-11-21T16:16:26.476Z|10995116277783|416|HAS_INTEREST
2010-11-21T16:16:26.476Z|10995116277783|472|HAS_INTEREST
2010-11-21T16:16:26.476Z|10995116277783|576|HAS_INTEREST
2010-11-21T16:16:26.476Z|10995116277783|578|HAS_INTEREST
2010-11-21T16:16:26.476Z|10995116277783|585|HAS_INTEREST
2010-11-21T16:16:26.476Z|10995116277783|774|HAS_INTEREST
2010-11-21T16:16:26.476Z|10995116277783|778|HAS_INTEREST
2010-11-21T16:16:26.476Z|10995116277783|779|HAS_INTEREST
2010-11-21T16:16:26.476Z|10995116277783|975|HAS_INTEREST
2010-11-21T16:16:26.476Z|10995116277783|978|HAS_INTEREST
2010-11-21T16:16:26.476Z|10995116277783|1170|HAS_INTEREST
2010-11-21T16:16:26.476Z|10995116277783|1172|HAS_INTEREST
2010-11-21T16:16:26.476Z|10995116277783|1181|HAS_INTEREST
2010-11-21T16:16:26.476Z|10995116277783|1440|HAS_INTEREST
2010-11-21T16:16:26.476Z|10995116277783|1673|HAS_INTEREST
2010-11-21T16:16:26.476Z|10995116277783|1989|HAS_INTEREST
2010-11-21T16:16:26.476Z|10995116277783|2003|HAS_INTEREST
2010-11-21T16:16:26.476Z|10995116277783|2005|HAS_INTEREST
2010-11-21T16:16:26.476Z|10995116277783|2010|HAS_INTEREST
2010-11-21T16:16:26.476Z|10995116277783|2029|HAS_INTEREST
2010-11-21T16:16:26.476Z|10995116277783|2041|HAS_INTEREST
2010-11-21T16:16:26.476Z|10995116277783|2043|HAS_INTEREST
2010-11-21T16:16:26.476Z|10995116277783|2056|HAS_INTEREST
2010-11-21T16:16:26.476Z|10995116277783|2058|HAS_INTEREST
2010-11-21T16:16:26.476Z|10995116277783|2080|HAS_INTEREST
2010-11-21T16:16:26.476Z|10995116277783|2088|HAS_INTEREST
2010-11-21T16:16:26.476Z|10995116277783|2106|HAS_INTEREST
2010-11-21T16:16:26.476Z|10995116277783|2107|HAS_INTEREST
2010-11-21T16:16:26.476Z|10995116277783|2781|HAS_INTEREST
2010-11-21T16:16:26.476Z|10995116277783|2786|HAS_INTEREST
2010-11-21T16:16:26.476Z|10995116277783|2792|HAS_INTEREST
2010-11-21T16:16:26.476Z|10995116277783|2794|HAS_INTEREST
2010-11-21T16:16:26.476Z|10995116277783|2798|HAS_INTEREST
2010-11-21T16:16:26.476Z|10995116277783|2801|HAS_INTEREST
2010-11-21T16:16:26.476Z|10995116277783|2809|HAS_INTEREST
2010-11-21T16:16:26.476Z|10995116277783|2810|HAS_INTEREST
2010-11-21T16:16:26.476Z|10995116277783|2823|HAS_INTEREST
2010-11-21T16:16:26.476Z|10995116277783|2844|HAS_INTEREST
2010-11-21T16:16:26.476Z|10995116277783|2849|HAS_INTEREST
2010-11-21T16:16:26.476Z|10995116277783|2854|HAS_INTEREST
2010-11-21T16:16:26.476Z|10995116277783|2864|HAS_INTEREST
2010-11-21T16:16:26.476Z|10995116277783|2871|HAS_INTEREST
2010-11-21T16:16:26.476Z|10995116277783|2889|HAS_INTEREST
2010-11-21T16:16:26.476Z|10995116277783|2905|HAS_INTEREST
2010-11-21T16:16:26.476Z|10995116277783|2907|HAS_INTEREST
2010-11-21T16:16:26.476Z|10995116277783|2930|HAS_INTEREST
2010-11-21T16:16:26.476Z|10995116277783|2938|HAS_INTEREST
2010-11-21T16:16:26.476Z|10995116277783|2986|HAS_INTEREST
2010-11-21T16:16:26.476Z|10995116277783|2997|HAS_INTEREST
2010-11-21T16:16:26.476Z|10995116277783|3009|HAS_INTEREST
2010-11-21T16:16:26.476Z|10995116277783|3023|HAS_INTEREST
2010-11-21T16:16:26.476Z|10995116277783|3024|HAS_INTEREST
2010-11-21T16:16:26.476Z|10995116277783|3028|HAS_INTEREST
2010-11-21T16:16:26.476Z|10995116277783|3047|HAS_INTEREST
2010-11-21T16:16:26.476Z|10995116277783|3053|HAS_INTEREST
2010-11-21T16:16:26.476Z|10995116277783|5078|HAS_INTEREST
2010-11-21T16:16:26.476Z|10995116277783|5449|HAS_INTEREST
2010-11-21T16:16:26.476Z|10995116277783|6405|HAS_INTEREST
2010-11-21T16:16:26.476Z|10995116277783|6449|HAS_INTEREST
2010-11-21T16:16:26.476Z|10995116277783|6623|HAS_INTEREST
2010-11-21T16:16:26.476Z|10995116277783|6989|HAS_INTEREST
2010-11-21T16:16:26.476Z|10995116277783|7031|HAS_INTEREST
2010-11-21T16:16:26.476Z|10995116277783|7212|HAS_INTEREST
2010-11-21T16:16:26.476Z|10995116277783|7396|HAS_INTEREST
2010-11-21T16:16:26.476Z|10995116277783|7509|HAS_INTEREST
2010-11-21T16:16:26.476Z|10995116277783|7514|HAS_INTEREST
2010-11-21T16:16:26.476Z|10995116277783|7597|HAS_INTEREST
2010-11-21T16:16:26.476Z|10995116277783|9058|HAS_INTEREST
2010-11-21T16:16:26.476Z|10995116277783|9141|HAS_INTEREST
2010-11-21T16:16:26.476Z|10995116277783|9209|HAS_INTEREST
2010-11-21T16:16:26.476Z|10995116277783|9244|HAS_INTEREST
2010-11-21T16:16:26.476Z|10995116277783|12296|HAS_INTEREST
2010-11-21T16:16:26.476Z|10995116277783|13796|HAS_INTEREST
2010-11-21T16:16:26.476Z|10995116277783|13816|HAS_INTEREST
2010-01-31T13:13:03.929Z|16|4843|HAS_INTEREST
2010-11-25T20:18:45.744Z|10995116277808|590|HAS_INTEREST
2010-11-25T20:18:45.744Z|10995116277808|777|HAS_INTEREST
2010-11-25T20:18:45.744Z|10995116277808|1747|HAS_INTEREST
2010-11-25T20:18:45.744Z|10995116277808|2903|HAS_INTEREST
2010-11-25T20:18:45.744Z|10995116277808|6383|HAS_INTEREST
2010-11-25T20:18:45.744Z|10995116277808|9510|HAS_INTEREST
2012-06-26T12:37:35.179Z|30786325577740|1524|HAS_INTEREST
2012-06-26T12:37:35.179Z|30786325577740|2041|HAS_INTEREST
2012-06-26T12:37:35.179Z|30786325577740|14812|HAS_INTEREST
2012-01-16T00:09:40.120Z|26388279066658|458|HAS_INTEREST
2012-01-16T00:09:40.120Z|26388279066658|790|HAS_INTEREST
2012-01-16T00:09:40.120Z|26388279066658|1200|HAS_INTEREST
2012-01-16T00:09:40.120Z|26388279066658|2033|HAS_INTEREST
2012-01-16T00:09:40.120Z|26388279066658|2789|HAS_INTEREST
2012-01-16T00:09:40.120Z|26388279066658|2790|HAS_INTEREST
2012-01-16T00:09:40.120Z|26388279066658|2871|HAS_INTEREST
2012-01-16T00:09:40.120Z|26388279066658|2932|HAS_INTEREST
2012-01-16T00:09:40.120Z|26388279066658|4966|HAS_INTEREST
2012-01-16T00:09:40.120Z|26388279066658|7005|HAS_INTEREST
2010-08-08T01:41:16.348Z|6597069766702|1200|HAS_INTEREST
2010-08-08T01:41:16.348Z|6597069766702|1506|HAS_INTEREST
2010-08-08T01:41:16.348Z|6597069766702|1532|HAS_INTEREST
2010-08-08T01:41:16.348Z|6597069766702|1533|HAS_INTEREST
2010-08-08T01:41:16.348Z|6597069766702|1992|HAS_INTEREST
2010-08-08T01:41:16.348Z|6597069766702|1993|HAS_INTEREST
2010-08-08T01:41:16.348Z|6597069766702|2105|HAS_INTEREST
2010-08-08T01:41:16.348Z|6597069766702|2795|HAS_INTEREST
2010-08-08T01:41:16.348Z|6597069766702|6433|HAS_INTEREST
2011-02-19T10:23:00.379Z|13194139533352|139|HAS_INTEREST
2011-02-19T10:23:00.379Z|13194139533352|140|HAS_INTEREST
2011-02-19T10:23:00.379Z|13194139533352|141|HAS_INTEREST
2011-02-19T10:23:00.379Z|13194139533352|196|HAS_INTEREST
2011-02-19T10:23:00.379Z|13194139533352|292|HAS_INTEREST
2011-02-19T10:23:00.379Z|13194139533352|295|HAS_INTEREST
2011-02-19T10:23:00.379Z|13194139533352|571|HAS_INTEREST
2011-02-19T10:23:00.379Z|13194139533352|575|HAS_INTEREST
2011-02-19T10:23:00.379Z|13194139533352|778|HAS_INTEREST
2011-02-19T10:23:00.379Z|13194139533352|781|HAS_INTEREST
2011-02-19T10:23:00.379Z|13194139533352|783|HAS_INTEREST
2011-02-19T10:23:00.379Z|13194139533352|799|HAS_INTEREST
2011-02-19T10:23:00.379Z|13194139533352|1025|HAS_INTEREST
2011-02-19T10:23:00.379Z|13194139533352|1170|HAS_INTEREST
2011-02-19T10:23:00.379Z|13194139533352|1179|HAS_INTEREST
2011-02-19T10:23:00.379Z|13194139533352|1451|HAS_INTEREST
2011-02-19T10:23:00.379Z|13194139533352|1545|HAS_INTEREST
2011-02-19T10:23:00.379Z|13194139533352|1687|HAS_INTEREST
2011-02-19T10:23:00.379Z|13194139533352|1984|HAS_INTEREST
2011-02-19T10:23:00.379Z|13194139533352|2002|HAS_INTEREST
2011-02-19T10:23:00.379Z|13194139533352|2017|HAS_INTEREST
2011-02-19T10:23:00.379Z|13194139533352|2023|HAS_INTEREST
2011-02-19T10:23:00.379Z|13194139533352|2040|HAS_INTEREST
2011-02-19T10:23:00.379Z|13194139533352|2049|HAS_INTEREST
2011-02-19T10:23:00.379Z|13194139533352|2072|HAS_INTEREST
2011-02-19T10:23:00.379Z|13194139533352|2077|HAS_INTEREST
2011-02-19T10:23:00.379Z|13194139533352|2090|HAS_INTEREST
2011-02-19T10:23:00.379Z|13194139533352|2094|HAS_INTEREST
2011-02-19T10:23:00.379Z|13194139533352|2107|HAS_INTEREST
2011-02-19T10:23:00.379Z|13194139533352|2778|HAS_INTEREST
2011-02-19T10:23:00.379Z|13194139533352|2782|HAS_INTEREST
2011-02-19T10:23:00.379Z|13194139533352|2783|HAS_INTEREST
2011-02-19T10:23:00.379Z|13194139533352|2785|HAS_INTEREST
2011-02-19T10:23:00.379Z|13194139533352|2794|HAS_INTEREST
2011-02-19T10:23:00.379Z|13194139533352|2797|HAS_INTEREST
2011-02-19T10:23:00.379Z|13194139533352|2810|HAS_INTEREST
2011-02-19T10:23:00.379Z|13194139533352|2813|HAS_INTEREST
2011-02-19T10:23:00.379Z|13194139533352|2817|HAS_INTEREST
2011-02-19T10:23:00.379Z|13194139533352|2823|HAS_INTEREST
2011-02-19T10:23:00.379Z|13194139533352|2836|HAS_INTEREST
2011-02-19T10:23:00.379Z|13194139533352|2851|HAS_INTEREST
2011-02-19T10:23:00.379Z|13194139533352|2870|HAS_INTEREST
2011-02-19T10:23:00.379Z|13194139533352|2871|HAS_INTEREST
2011-02-19T10:23:00.379Z|13194139533352|2885|HAS_INTEREST
2011-02-19T10:23:00.379Z|13194139533352|2904|HAS_INTEREST
2011-02-19T10:23:00.379Z|13194139533352|2927|HAS_INTEREST
2011-02-19T10:23:00.379Z|13194139533352|2959|HAS_INTEREST
2011-02-19T10:23:00.379Z|13194139533352|2991|HAS_INTEREST
2011-02-19T10:23:00.379Z|13194139533352|3000|HAS_INTEREST
2011-02-19T10:23:00.379Z|13194139533352|3024|HAS_INTEREST
2011-02-19T10:23:00.379Z|13194139533352|3040|HAS_INTEREST
2011-02-19T10:23:00.379Z|13194139533352|3053|HAS_INTEREST
2011-02-19T10:23:00.379Z|13194139533352|3055|HAS_INTEREST
2011-02-19T10:23:00.379Z|13194139533352|3066|HAS_INTEREST
2011-02-19T10:23:00.379Z|13194139533352|3080|HAS_INTEREST
2011-02-19T10:23:00.379Z|13194139533352|5132|HAS_INTEREST
2011-02-19T10:23:00.379Z|13194139533352|5190|HAS_INTEREST
2011-02-19T10:23:00.379Z|13194139533352|5753|HAS_INTEREST
2011-02-19T10:23:00.379Z|13194139533352|6394|HAS_INTEREST
2011-02-19T10:23:00.379Z|13194139533352|6672|HAS_INTEREST
2011-02-19T10:23:00.379Z|13194139533352|6740|HAS_INTEREST
2011-02-19T10:23:00.379Z|13194139533352|6891|HAS_INTEREST
2011-02-19T10:23:00.379Z|13194139533352|7252|HAS_INTEREST
2011-02-19T10:23:00.379Z|13194139533352|7522|HAS_INTEREST
2011-02-19T10:23:00.379Z|13194139533352|7583|HAS_INTEREST
2011-02-19T10:23:00.379Z|13194139533352|8047|HAS_INTEREST
2011-02-19T10:23:00.379Z|13194139533352|9063|HAS_INTEREST
2011-02-19T10:23:00.379Z|13194139533352|9310|HAS_INTEREST
2011-02-19T10:23:00.379Z|13194139533352|9709|HAS_INTEREST
2011-02-19T10:23:00.379Z|13194139533352|13818|HAS_INTEREST
2012-03-13T15:16:08.597Z|28587302322196|280|HAS_INTEREST
2012-03-13T15:16:08.597Z|28587302322196|284|HAS_INTEREST
2012-03-13T15:16:08.597Z|28587302322196|448|HAS_INTEREST
2012-03-13T15:16:08.597Z|28587302322196|540|HAS_INTEREST
2012-03-13T15:16:08.597Z|28587302322196|806|HAS_INTEREST
2012-03-13T15:16:08.597Z|28587302322196|1028|HAS_INTEREST
2012-03-13T15:16:08.597Z|28587302322196|1185|HAS_INTEREST
2012-03-13T15:16:08.597Z|28587302322196|1615|HAS_INTEREST
2012-03-13T15:16:08.597Z|28587302322196|1644|HAS_INTEREST
2012-03-13T15:16:08.597Z|28587302322196|1984|HAS_INTEREST
2012-03-13T15:16:08.597Z|28587302322196|1985|HAS_INTEREST
2012-03-13T15:16:08.597Z|28587302322196|2779|HAS_INTEREST
2012-03-13T15:16:08.597Z|28587302322196|2799|HAS_INTEREST
2012-03-13T15:16:08.597Z|28587302322196|2826|HAS_INTEREST
2012-03-13T15:16:08.597Z|28587302322196|2878|HAS_INTEREST
2012-03-13T15:16:08.597Z|28587302322196|2890|HAS_INTEREST
2012-03-13T15:16:08.597Z|28587302322196|2945|HAS_INTEREST
2012-03-13T15:16:08.597Z|28587302322196|3004|HAS_INTEREST
2012-03-13T15:16:08.597Z|28587302322196|3010|HAS_INTEREST
2012-03-13T15:16:08.597Z|28587302322196|3083|HAS_INTEREST
2012-03-13T15:16:08.597Z|28587302322196|5156|HAS_INTEREST
2012-03-13T15:16:08.597Z|28587302322196|5158|HAS_INTEREST
2012-03-13T15:16:08.597Z|28587302322196|5854|HAS_INTEREST
2012-03-13T15:16:08.597Z|28587302322196|6071|HAS_INTEREST
2012-03-13T15:16:08.597Z|28587302322196|6377|HAS_INTEREST
2012-03-13T15:16:08.597Z|28587302322196|6658|HAS_INTEREST
2012-03-13T15:16:08.597Z|28587302322196|6962|HAS_INTEREST
2012-03-13T15:16:08.597Z|28587302322196|6990|HAS_INTEREST
2012-03-13T15:16:08.597Z|28587302322196|7534|HAS_INTEREST
2012-03-13T15:16:08.597Z|28587302322196|14189|HAS_INTEREST
2012-03-13T15:16:08.597Z|28587302322196|14956|HAS_INTEREST
2010-09-17T21:25:01.182Z|8796093022234|1566|HAS_INTEREST
2012-01-12T23:55:02.878Z|26388279066641|1916|HAS_INTEREST
2010-11-13T15:50:09.443Z|10995116277761|461|HAS_INTEREST
2010-11-13T15:50:09.443Z|10995116277761|592|HAS_INTEREST
2010-11-13T15:50:09.443Z|10995116277761|1024|HAS_INTEREST
2010-11-13T15:50:09.443Z|10995116277761|1195|HAS_INTEREST
2010-11-13T15:50:09.443Z|10995116277761|1548|HAS_INTEREST
2010-11-13T15:50:09.443Z|10995116277761|1985|HAS_INTEREST
2010-11-13T15:50:09.443Z|10995116277761|1988|HAS_INTEREST
2010-11-13T15:50:09.443Z|10995116277761|2034|HAS_INTEREST
2010-11-13T15:50:09.443Z|10995116277761|2067|HAS_INTEREST
2010-11-13T15:50:09.443Z|10995116277761|2782|HAS_INTEREST
2010-11-13T15:50:09.443Z|10995116277761|5117|HAS_INTEREST
2010-11-13T15:50:09.443Z|10995116277761|5124|HAS_INTEREST
2010-11-13T15:50:09.443Z|10995116277761|5147|HAS_INTEREST
2010-11-13T15:50:09.443Z|10995116277761|7603|HAS_INTEREST
2010-11-13T15:50:09.443Z|10995116277761|13138|HAS_INTEREST
2012-09-05T01:03:26.184Z|32985348833291|1524|HAS_INTEREST
2012-09-05T01:03:26.184Z|32985348833291|2054|HAS_INTEREST
2010-04-18T01:27:21.494Z|2199023255573|3|HAS_INTEREST
2010-04-18T01:27:21.494Z|2199023255573|1189|HAS_INTEREST
2010-04-18T01:27:21.494Z|2199023255573|1676|HAS_INTEREST
2010-04-18T01:27:21.494Z|2199023255573|2785|HAS_INTEREST
2010-04-18T01:27:21.494Z|2199023255573|2806|HAS_INTEREST
2010-04-18T01:27:21.494Z|2199023255573|2931|HAS_INTEREST
2010-04-18T01:27:21.494Z|2199023255573|3072|HAS_INTEREST
2010-04-18T01:27:21.494Z|2199023255573|3114|HAS_INTEREST
2010-04-18T01:27:21.494Z|2199023255573|5736|HAS_INTEREST
2010-04-18T01:27:21.494Z|2199023255573|5753|HAS_INTEREST
2010-04-18T01:27:21.494Z|2199023255573|8143|HAS_INTEREST
2012-09-09T02:13:37.511Z|35184372088871|206|HAS_INTEREST
2012-09-09T02:13:37.511Z|35184372088871|299|HAS_INTEREST
2012-09-09T02:13:37.511Z|35184372088871|449|HAS_INTEREST
2012-09-09T02:13:37.511Z|35184372088871|469|HAS_INTEREST
2012-09-09T02:13:37.511Z|35184372088871|545|HAS_INTEREST
2012-09-09T02:13:37.511Z|35184372088871|565|HAS_INTEREST
2012-09-09T02:13:37.511Z|35184372088871|573|HAS_INTEREST
2012-09-09T02:13:37.511Z|35184372088871|579|HAS_INTEREST
2012-09-09T02:13:37.511Z|35184372088871|596|HAS_INTEREST
2012-09-09T02:13:37.511Z|35184372088871|974|HAS_INTEREST
2012-09-09T02:13:37.511Z|35184372088871|1021|HAS_INTEREST
2012-09-09T02:13:37.511Z|35184372088871|1022|HAS_INTEREST
2012-09-09T02:13:37.511Z|35184372088871|1164|HAS_INTEREST
2012-09-09T02:13:37.511Z|35184372088871|1170|HAS_INTEREST
2012-09-09T02:13:37.511Z|35184372088871|1171|HAS_INTEREST
2012-09-09T02:13:37.511Z|35184372088871|1176|HAS_INTEREST
2012-09-09T02:13:37.511Z|35184372088871|1178|HAS_INTEREST
2012-09-09T02:13:37.511Z|35184372088871|1186|HAS_INTEREST
2012-09-09T02:13:37.511Z|35184372088871|1191|HAS_INTEREST
2012-09-09T02:13:37.511Z|35184372088871|1195|HAS_INTEREST
2012-09-09T02:13:37.511Z|35184372088871|1201|HAS_INTEREST
2012-09-09T02:13:37.511Z|35184372088871|1205|HAS_INTEREST
2012-09-09T02:13:37.511Z|35184372088871|1421|HAS_INTEREST
2012-09-09T02:13:37.511Z|35184372088871|1614|HAS_INTEREST
2012-09-09T02:13:37.511Z|35184372088871|1674|HAS_INTEREST
2012-09-09T02:13:37.511Z|35184372088871|1759|HAS_INTEREST
2012-09-09T02:13:37.511Z|35184372088871|1764|HAS_INTEREST
2012-09-09T02:13:37.511Z|35184372088871|1930|HAS_INTEREST
2012-09-09T02:13:37.511Z|35184372088871|1953|HAS_INTEREST
2012-09-09T02:13:37.511Z|35184372088871|1984|HAS_INTEREST
2012-09-09T02:13:37.511Z|35184372088871|1985|HAS_INTEREST
2012-09-09T02:13:37.511Z|35184372088871|2003|HAS_INTEREST
2012-09-09T02:13:37.511Z|35184372088871|2018|HAS_INTEREST
2012-09-09T02:13:37.511Z|35184372088871|2049|HAS_INTEREST
2012-09-09T02:13:37.511Z|35184372088871|2083|HAS_INTEREST
2012-09-09T02:13:37.511Z|35184372088871|2095|HAS_INTEREST
2012-09-09T02:13:37.511Z|35184372088871|2118|HAS_INTEREST
2012-09-09T02:13:37.511Z|35184372088871|2787|HAS_INTEREST
2012-09-09T02:13:37.511Z|35184372088871|2797|HAS_INTEREST
2012-09-09T02:13:37.511Z|35184372088871|2823|HAS_INTEREST
2012-09-09T02:13:37.511Z|35184372088871|2848|HAS_INTEREST
2012-09-09T02:13:37.511Z|35184372088871|2895|HAS_INTEREST
2012-09-09T02:13:37.511Z|35184372088871|2928|HAS_INTEREST
2012-09-09T02:13:37.511Z|35184372088871|2959|HAS_INTEREST
2012-09-09T02:13:37.511Z|35184372088871|2966|HAS_INTEREST
2012-09-09T02:13:37.511Z|35184372088871|2973|HAS_INTEREST
2012-09-09T02:13:37.511Z|35184372088871|3024|HAS_INTEREST
2012-09-09T02:13:37.511Z|35184372088871|3026|HAS_INTEREST
2012-09-09T02:13:37.511Z|35184372088871|3048|HAS_INTEREST
2012-09-09T02:13:37.511Z|35184372088871|3070|HAS_INTEREST
2012-09-09T02:13:37.511Z|35184372088871|3111|HAS_INTEREST
2012-09-09T02:13:37.511Z|35184372088871|4849|HAS_INTEREST
2012-09-09T02:13:37.511Z|35184372088871|5078|HAS_INTEREST
2012-09-09T02:13:37.511Z|35184372088871|5117|HAS_INTEREST
2012-09-09T02:13:37.511Z|35184372088871|5159|HAS_INTEREST
2012-09-09T02:13:37.511Z|35184372088871|5191|HAS_INTEREST
2012-09-09T02:13:37.511Z|35184372088871|5192|HAS_INTEREST
2012-09-09T02:13:37.511Z|35184372088871|5258|HAS_INTEREST
2012-09-09T02:13:37.511Z|35184372088871|6395|HAS_INTEREST
2012-09-09T02:13:37.511Z|35184372088871|6418|HAS_INTEREST
2012-09-09T02:13:37.511Z|35184372088871|6945|HAS_INTEREST
2012-09-09T02:13:37.511Z|35184372088871|7580|HAS_INTEREST
2012-09-09T02:13:37.511Z|35184372088871|7683|HAS_INTEREST
2012-09-09T02:13:37.511Z|35184372088871|9036|HAS_INTEREST
2012-09-09T02:13:37.511Z|35184372088871|9084|HAS_INTEREST
2012-09-09T02:13:37.511Z|35184372088871|9170|HAS_INTEREST
2012-09-09T02:13:37.511Z|35184372088871|9177|HAS_INTEREST
2012-09-09T02:13:37.511Z|35184372088871|9477|HAS_INTEREST
2012-09-09T02:13:37.511Z|35184372088871|11254|HAS_INTEREST
2012-09-09T02:13:37.511Z|35184372088871|11375|HAS_INTEREST
2012-09-09T02:13:37.511Z|35184372088871|11408|HAS_INTEREST
2012-09-09T02:13:37.511Z|35184372088871|11531|HAS_INTEREST
2012-09-09T02:13:37.511Z|35184372088871|11743|HAS_INTEREST
2012-09-09T02:13:37.511Z|35184372088871|14036|HAS_INTEREST
2012-04-25T02:31:06.437Z|28587302322209|282|HAS_INTEREST
2012-04-25T02:31:06.437Z|28587302322209|458|HAS_INTEREST
2012-04-25T02:31:06.437Z|28587302322209|775|HAS_INTEREST
2012-04-25T02:31:06.437Z|28587302322209|778|HAS_INTEREST
2012-04-25T02:31:06.437Z|28587302322209|779|HAS_INTEREST
2012-04-25T02:31:06.437Z|28587302322209|781|HAS_INTEREST
2012-04-25T02:31:06.437Z|28587302322209|796|HAS_INTEREST
2012-04-25T02:31:06.437Z|28587302322209|1164|HAS_INTEREST
2012-04-25T02:31:06.437Z|28587302322209|1446|HAS_INTEREST
2012-04-25T02:31:06.437Z|28587302322209|1506|HAS_INTEREST
2012-04-25T02:31:06.437Z|28587302322209|1984|HAS_INTEREST
2012-04-25T02:31:06.437Z|28587302322209|1988|HAS_INTEREST
2012-04-25T02:31:06.437Z|28587302322209|2004|HAS_INTEREST
2012-04-25T02:31:06.437Z|28587302322209|2007|HAS_INTEREST
2012-04-25T02:31:06.437Z|28587302322209|2011|HAS_INTEREST
2012-04-25T02:31:06.437Z|28587302322209|2017|HAS_INTEREST
2012-04-25T02:31:06.437Z|28587302322209|2044|HAS_INTEREST
2012-04-25T02:31:06.437Z|28587302322209|2051|HAS_INTEREST
2012-04-25T02:31:06.437Z|28587302322209|2056|HAS_INTEREST
2012-04-25T02:31:06.437Z|28587302322209|2058|HAS_INTEREST
2012-04-25T02:31:06.437Z|28587302322209|2065|HAS_INTEREST
2012-04-25T02:31:06.437Z|28587302322209|2100|HAS_INTEREST
2012-04-25T02:31:06.437Z|28587302322209|2119|HAS_INTEREST
2012-04-25T02:31:06.437Z|28587302322209|2778|HAS_INTEREST
2012-04-25T02:31:06.437Z|28587302322209|2804|HAS_INTEREST
2012-04-25T02:31:06.437Z|28587302322209|2806|HAS_INTEREST
2012-04-25T02:31:06.437Z|28587302322209|2819|HAS_INTEREST
2012-04-25T02:31:06.437Z|28587302322209|2832|HAS_INTEREST
2012-04-25T02:31:06.437Z|28587302322209|2833|HAS_INTEREST
2012-04-25T02:31:06.437Z|28587302322209|2846|HAS_INTEREST
2012-04-25T02:31:06.437Z|28587302322209|2852|HAS_INTEREST
2012-04-25T02:31:06.437Z|28587302322209|2916|HAS_INTEREST
2012-04-25T02:31:06.437Z|28587302322209|2945|HAS_INTEREST
2012-04-25T02:31:06.437Z|28587302322209|2961|HAS_INTEREST
2012-04-25T02:31:06.437Z|28587302322209|2979|HAS_INTEREST
2012-04-25T02:31:06.437Z|28587302322209|2990|HAS_INTEREST
2012-04-25T02:31:06.437Z|28587302322209|3044|HAS_INTEREST
2012-04-25T02:31:06.437Z|28587302322209|3056|HAS_INTEREST
2012-04-25T02:31:06.437Z|28587302322209|3059|HAS_INTEREST
2012-04-25T02:31:06.437Z|28587302322209|3077|HAS_INTEREST
2012-04-25T02:31:06.437Z|28587302322209|3089|HAS_INTEREST
2012-04-25T02:31:06.437Z|28587302322209|4955|HAS_INTEREST
2012-04-25T02:31:06.437Z|28587302322209|5067|HAS_INTEREST
2012-04-25T02:31:06.437Z|28587302322209|5182|HAS_INTEREST
2012-04-25T02:31:06.437Z|28587302322209|5196|HAS_INTEREST
2012-04-25T02:31:06.437Z|28587302322209|6004|HAS_INTEREST
2012-04-25T02:31:06.437Z|28587302322209|6383|HAS_INTEREST
2012-04-25T02:31:06.437Z|28587302322209|6413|HAS_INTEREST
2012-04-25T02:31:06.437Z|28587302322209|6740|HAS_INTEREST
2012-04-25T02:31:06.437Z|28587302322209|6981|HAS_INTEREST
2012-04-25T02:31:06.437Z|28587302322209|6985|HAS_INTEREST
2012-04-25T02:31:06.437Z|28587302322209|7032|HAS_INTEREST
2012-04-25T02:31:06.437Z|28587302322209|7089|HAS_INTEREST
2012-04-25T02:31:06.437Z|28587302322209|7218|HAS_INTEREST
2012-04-25T02:31:06.437Z|28587302322209|7516|HAS_INTEREST
2012-04-25T02:31:06.437Z|28587302322209|7523|HAS_INTEREST
2012-04-25T02:31:06.437Z|28587302322209|9063|HAS_INTEREST
2012-04-25T02:31:06.437Z|28587302322209|9317|HAS_INTEREST
2012-04-25T02:31:06.437Z|28587302322209|10037|HAS_INTEREST
2012-04-25T02:31:06.437Z|28587302322209|14791|HAS_INTEREST
2011-11-07T16:24:26.837Z|24189255811109|6|HAS_INTEREST
2011-11-07T16:24:26.837Z|24189255811109|449|HAS_INTEREST
2011-11-07T16:24:26.837Z|24189255811109|543|HAS_INTEREST
2011-11-07T16:24:26.837Z|24189255811109|588|HAS_INTEREST
2011-11-07T16:24:26.837Z|24189255811109|590|HAS_INTEREST
2011-11-07T16:24:26.837Z|24189255811109|594|HAS_INTEREST
2011-11-07T16:24:26.837Z|24189255811109|808|HAS_INTEREST
2011-11-07T16:24:26.837Z|24189255811109|978|HAS_INTEREST
2011-11-07T16:24:26.837Z|24189255811109|1164|HAS_INTEREST
2011-11-07T16:24:26.837Z|24189255811109|1177|HAS_INTEREST
2011-11-07T16:24:26.837Z|24189255811109|1180|HAS_INTEREST
2011-11-07T16:24:26.837Z|24189255811109|1184|HAS_INTEREST
2011-11-07T16:24:26.837Z|24189255811109|1191|HAS_INTEREST
2011-11-07T16:24:26.837Z|24189255811109|1205|HAS_INTEREST
2011-11-07T16:24:26.837Z|24189255811109|1454|HAS_INTEREST
2011-11-07T16:24:26.837Z|24189255811109|1617|HAS_INTEREST
2011-11-07T16:24:26.837Z|24189255811109|1674|HAS_INTEREST
2011-11-07T16:24:26.837Z|24189255811109|1940|HAS_INTEREST
2011-11-07T16:24:26.837Z|24189255811109|2054|HAS_INTEREST
2011-11-07T16:24:26.837Z|24189255811109|2781|HAS_INTEREST
2011-11-07T16:24:26.837Z|24189255811109|2837|HAS_INTEREST
2011-11-07T16:24:26.837Z|24189255811109|2872|HAS_INTEREST
2011-11-07T16:24:26.837Z|24189255811109|6368|HAS_INTEREST
2011-11-07T16:24:26.837Z|24189255811109|6945|HAS_INTEREST
2011-11-07T16:24:26.837Z|24189255811109|6964|HAS_INTEREST
2011-11-07T16:24:26.837Z|24189255811109|7380|HAS_INTEREST
2011-11-07T16:24:26.837Z|24189255811109|7509|HAS_INTEREST
2011-11-07T16:24:26.837Z|24189255811109|9058|HAS_INTEREST
2011-11-07T16:24:26.837Z|24189255811109|9177|HAS_INTEREST
2011-11-07T16:24:26.837Z|24189255811109|9474|HAS_INTEREST
2011-11-07T16:24:26.837Z|24189255811109|9479|HAS_INTEREST
2011-11-07T16:24:26.837Z|24189255811109|11379|HAS_INTEREST
2011-11-07T16:24:26.837Z|24189255811109|11408|HAS_INTEREST
2011-11-07T16:24:26.837Z|24189255811109|11531|HAS_INTEREST
2011-11-07T16:24:26.837Z|24189255811109|11622|HAS_INTEREST
2011-11-07T16:24:26.837Z|24189255811109|11625|HAS_INTEREST
2011-11-07T16:24:26.837Z|24189255811109|11628|HAS_INTEREST
2011-11-07T16:24:26.837Z|24189255811109|11742|HAS_INTEREST
2012-03-19T21:30:34.350Z|28587302322191|6|HAS_INTEREST
2012-03-19T21:30:34.350Z|28587302322191|148|HAS_INTEREST
2012-03-19T21:30:34.350Z|28587302322191|149|HAS_INTEREST
2012-03-19T21:30:34.350Z|28587302322191|575|HAS_INTEREST
2012-03-19T21:30:34.350Z|28587302322191|578|HAS_INTEREST
2012-03-19T21:30:34.350Z|28587302322191|584|HAS_INTEREST
2012-03-19T21:30:34.350Z|28587302322191|775|HAS_INTEREST
2012-03-19T21:30:34.350Z|28587302322191|777|HAS_INTEREST
2012-03-19T21:30:34.350Z|28587302322191|781|HAS_INTEREST
2012-03-19T21:30:34.350Z|28587302322191|782|HAS_INTEREST
2012-03-19T21:30:34.350Z|28587302322191|808|HAS_INTEREST
2012-03-19T21:30:34.350Z|28587302322191|973|HAS_INTEREST
2012-03-19T21:30:34.350Z|28587302322191|974|HAS_INTEREST
2012-03-19T21:30:34.350Z|28587302322191|1170|HAS_INTEREST
2012-03-19T21:30:34.350Z|28587302322191|1173|HAS_INTEREST
2012-03-19T21:30:34.350Z|28587302322191|1178|HAS_INTEREST
2012-03-19T21:30:34.350Z|28587302322191|1180|HAS_INTEREST
2012-03-19T21:30:34.350Z|28587302322191|1185|HAS_INTEREST
2012-03-19T21:30:34.350Z|28587302322191|1193|HAS_INTEREST
2012-03-19T21:30:34.350Z|28587302322191|1198|HAS_INTEREST
2012-03-19T21:30:34.350Z|28587302322191|1202|HAS_INTEREST
2012-03-19T21:30:34.350Z|28587302322191|1545|HAS_INTEREST
2012-03-19T21:30:34.350Z|28587302322191|1667|HAS_INTEREST
2012-03-19T21:30:34.350Z|28587302322191|1766|HAS_INTEREST
2012-03-19T21:30:34.350Z|28587302322191|1940|HAS_INTEREST
2012-03-19T21:30:34.350Z|28587302322191|1953|HAS_INTEREST
2012-03-19T21:30:34.350Z|28587302322191|1992|HAS_INTEREST
2012-03-19T21:30:34.350Z|28587302322191|1995|HAS_INTEREST
2012-03-19T21:30:34.350Z|28587302322191|2030|HAS_INTEREST
2012-03-19T21:30:34.350Z|28587302322191|2046|HAS_INTEREST
2012-03-19T21:30:34.350Z|28587302322191|2048|HAS_INTEREST
2012-03-19T21:30:34.350Z|28587302322191|2059|HAS_INTEREST
2012-03-19T21:30:34.350Z|28587302322191|2070|HAS_INTEREST
2012-03-19T21:30:34.350Z|28587302322191|2078|HAS_INTEREST
2012-03-19T21:30:34.350Z|28587302322191|2089|HAS_INTEREST
2012-03-19T21:30:34.350Z|28587302322191|2872|HAS_INTEREST
2012-03-19T21:30:34.350Z|28587302322191|3045|HAS_INTEREST
2012-03-19T21:30:34.350Z|28587302322191|3047|HAS_INTEREST
2012-03-19T21:30:34.350Z|28587302322191|4847|HAS_INTEREST
2012-03-19T21:30:34.350Z|28587302322191|5085|HAS_INTEREST
2012-03-19T21:30:34.350Z|28587302322191|6945|HAS_INTEREST
2012-03-19T21:30:34.350Z|28587302322191|6964|HAS_INTEREST
2012-03-19T21:30:34.350Z|28587302322191|7509|HAS_INTEREST
2012-03-19T21:30:34.350Z|28587302322191|9058|HAS_INTEREST
2012-03-19T21:30:34.350Z|28587302322191|9063|HAS_INTEREST
2012-03-19T21:30:34.350Z|28587302322191|9098|HAS_INTEREST
2012-03-19T21:30:34.350Z|28587302322191|9174|HAS_INTEREST
2012-03-19T21:30:34.350Z|28587302322191|9474|HAS_INTEREST
2012-03-19T21:30:34.350Z|28587302322191|11247|HAS_INTEREST
2012-03-19T21:30:34.350Z|28587302322191|11254|HAS_INTEREST
2012-03-19T21:30:34.350Z|28587302322191|11408|HAS_INTEREST
2012-03-19T21:30:34.350Z|28587302322191|11537|HAS_INTEREST
2012-03-19T21:30:34.350Z|28587302322191|11622|HAS_INTEREST
2012-03-19T21:30:34.350Z|28587302322191|11628|HAS_INTEREST
2012-03-19T21:30:34.350Z|28587302322191|11695|HAS_INTEREST
2012-03-19T21:30:34.350Z|28587302322191|11742|HAS_INTEREST
2012-03-19T21:30:34.350Z|28587302322191|12002|HAS_INTEREST
